id;nome;codigo_barras;preco_venda;preco_custo;categoria;fornecedor_id;estoque_minimo;unidade_medida;descricao;ativo;data_criacao;data_atualizacao;codigo_interno;venda_por_peso;
1;Arroz  Parboilizado Achei;7898907120272;3,3;3,5;Açougue;;10;KG;;1;2025-12-03 02:52:27;2025-12-03 02:52:27;;0;Também na menor
2;senador;7891134001819;5,7;1;Outros;;5;UN;;1;2025-12-04 20:57:41;2025-12-04 20:57:41;;0;Também na menor
3;mini cracker fort;7891152321302;5,7;4;;;0;und;;1;2025-12-04 21:06:39;2025-12-04 21:06:39;;0;Também na menor
4;rechead morang richesrt;7891152801798;2,7;2,16;Outros;;10;UN;;1;2025-12-04 21:28:18;2025-12-04 21:28:18;;0;Também na menor
5;animadozoo quad chocolat p;7891152800128;1,35;1;Outros;;0;UN;;1;2025-12-04 21:32:06;2025-12-04 21:32:06;;0;Também na menor
6;kit pantene;7500435128353;31;28;;;50;UN;;1;2025-12-04 21:42:23;2025-12-04 21:42:23;;0;Também na menor
7;kit dove;7891150097643;31;27;;;50;UN;;1;2025-12-04 21:43:57;2025-12-04 21:43:57;;0;Também na menor
8;kit elseve sonho;7908785476825;31;27;;;0;UN;;1;2025-12-04 21:50:04;2025-12-04 21:50:04;;0;Também na menor
9;kit skala;7897042016419;25;22;;;0;UN;;1;2025-12-04 21:54:45;2025-12-04 21:54:45;;0;Também na menor
10;sha seda glos;7891150037397;9,8;7;;;0;UN;;1;2025-12-04 21:58:29;2025-12-04 21:58:29;;0;Também na menor
11;sha seda reparaç;7891150101692;9,8;7;;;0;UN;;1;2025-12-04 22:00:45;2025-12-04 22:00:45;;0;Também na menor
12;sha seda pretos;7891150037526;9,8;7;;;0;UN;;1;2025-12-04 22:03:03;2025-12-04 22:03:03;;0;Também na menor
13;sha seda cachos;7891150037595;9,8;7;;;0;UN;;1;2025-12-04 22:04:37;2025-12-04 22:04:37;;0;Também na menor
14;sha seda complex;7891150037458;9,8;7;;;0;UN;;1;2025-12-04 22:05:52;2025-12-04 22:05:52;;0;Também na menor
15;sha seda liso;7891150037519;9,8;7;;;0;UN;;1;2025-12-04 22:06:46;2025-12-04 22:06:46;;0;Também na menor
16;sha seda oleo;7891150037540;9,8;7;;;0;UN;;1;2025-12-04 22:07:57;2025-12-04 22:07:57;;0;Também na menor
17;sha seda silk;7891150101616;9,8;7;;;0;UN;;1;2025-12-04 22:09:17;2025-12-04 22:09:17;;0;Também na menor
18;sha seda glicol;7891150099845;9,8;7;;;0;UN;;1;2025-12-04 22:10:36;2025-12-04 22:10:36;;0;Também na menor
19;cond seda pretos;7891150037342;9,8;7;;;0;UN;;1;2025-12-04 22:12:31;2025-12-04 22:12:31;;0;Também na menor
20;cond seda liso;7891150037328;9,8;7;;;0;UN;;1;2025-12-04 22:13:30;2025-12-04 22:13:30;;0;Também na menor
21;cond seda oleo;7891150037366;9,8;7;;;0;UN;;1;2025-12-04 22:15:45;2025-12-04 22:15:45;;0;Também na menor
22;cond seda babosa;7891150060722;9,8;7;;;0;UN;;1;2025-12-04 22:16:45;2025-12-04 22:16:45;;0;Também na menor
23;cond seda hidrataç;7891150088504;9,8;7;;;0;UN;;1;2025-12-04 22:17:31;2025-12-04 22:17:31;;0;Também na menor
24;cond seda extremo;7891150037632;9,8;7;;;0;UN;;1;2025-12-04 22:18:28;2025-12-04 22:18:28;;0;Também na menor
25;crem seda colageno;7891150080102;8,8;7;Outros;;0;UN;;1;2025-12-04 22:19:35;2025-12-04 22:19:35;;0;Também na menor
26;crem seda liso;7891037010048;8,8;6,5;;;0;UN;;1;2025-12-04 22:21:06;2025-12-04 22:21:06;;0;Também na menor
27;crem seda cachos;7891037000322;8,8;6,5;;;0;UN;;1;2025-12-04 22:22:41;2025-12-04 22:22:41;;0;Também na menor
28;creme seda pretos;7898422745301;8,8;6,5;;;0;UN;;1;2025-12-04 22:23:56;2025-12-04 22:23:56;;0;Também na menor
29;seda boom maximo;7891150088375;15;12;;;0;UN;;1;2025-12-04 22:26:52;2025-12-04 22:26:52;;0;Também na menor
30;gotinha;7898943754813;5;3;;;0;UN;;1;2025-12-04 22:29:49;2025-12-04 22:29:49;;0;Também na menor
31;sha fattore jabor;7898932946885;25;20;;;0;UN;;1;2025-12-04 22:31:18;2025-12-04 22:31:18;;0;Também na menor
32;cif;7891150090804;13;10;;;0;UN;;1;2025-12-04 22:34:44;2025-12-04 22:34:44;;0;Também na menor
33;UAU;7891242457010;6;4;;;0;UN;;1;2025-12-04 22:37:06;2025-12-04 22:37:06;;0;Também na menor
34;Mon bijou;7891022867374;12;10;Limpeza;;5;UN;;1;2025-12-04 22:38:42;2025-12-04 22:38:42;;0;Também na menor
35;hid paixão rosas b;78907850;10;8;;;0;UN;;1;2025-12-04 22:42:57;2025-12-04 22:42:57;;0;Também na menor
36;hid paixão flor de lis;78914957;10;8;;;0;UN;;1;2025-12-04 22:45:12;2025-12-04 22:45:12;;0;Também na menor
37;HID PAIXÃO AVELÃ;7896235354062;10;8;Perfumaria;;5;UN;;1;2025-12-04 22:49:52;2025-12-04 22:49:52;;0;Também na menor
38;hid monange amendoas;7896235354055;10;8;;;0;UN;;1;2025-12-05 10:28:58;2025-12-05 10:28:58;;0;Também na menor
39;oleo paixao amendoas;7896235354024;12;9;;;0;UN;;1;2025-12-05 10:30:24;2025-12-05 10:30:24;;0;Também na menor
40;oleo paixao avalan;7898919411917;12;9;;;0;UN;;1;2025-12-05 10:31:32;2025-12-05 10:31:32;;0;Também na menor
41;oleo paixao inspiradora;7896235354017;12;9;;;0;UN;;1;2025-12-05 10:32:44;2025-12-05 10:32:44;;0;Também na menor
42;hid monange oliva;7898919412372;10;8;;;0;UN;;1;2025-12-05 10:40:48;2025-12-05 10:40:48;;0;Também na menor
43;hid monange frutas;7898919412334;10;8;;;0;UN;;1;2025-12-05 10:41:48;2025-12-05 10:41:48;;0;Também na menor
44;hid monange aveia;7898919412341;10;8;;;0;UN;;1;2025-12-05 10:42:46;2025-12-05 10:42:46;;0;Também na menor
45;sha palmo cachos;7891024042311;9,5;7;;;0;UN;;1;2025-12-05 10:49:27;2025-12-05 10:49:27;;0;Também na menor
46;sha palmo nutricao;7891024171639;9,5;7;;;0;UN;;1;2025-12-05 10:50:26;2025-12-05 10:50:26;;0;Também na menor
47;sha palmo lisos;7891024161913;9,5;7;;;0;UN;;1;2025-12-05 10:51:38;2025-12-05 10:51:38;;0;Também na menor
48;sha palmo boom;7891024034064;9,5;7;;;0;UN;;1;2025-12-05 10:53:04;2025-12-05 10:53:04;;0;Também na menor
49;sha palmo ceramidas;7891024174210;9,5;7;;;0;UN;;1;2025-12-05 10:54:15;2025-12-05 10:54:15;;0;Também na menor
50;sha palmo detox;7891024042908;9,5;7;;;0;UN;;1;2025-12-05 10:55:08;2025-12-05 10:55:08;;0;Também na menor
51;oleo de banana;7897161360271;5,4;4;;;0;UN;;1;2025-12-05 11:01:18;2025-12-05 11:01:18;;0;Também na menor
52;acetona aline;7897161360059;4,5;3,8;;;0;UN;;1;2025-12-05 11:02:30;2025-12-05 11:02:30;;0;Também na menor
53;amoniaco aline;7897161371130;2,2;1,8;;;0;UN;;1;2025-12-05 11:04:24;2025-12-05 11:04:24;;0;Também na menor
54;agua oxigenada 20;7897161371000;2,2;1,3;;;0;UN;;1;2025-12-05 11:06:09;2025-12-05 11:06:09;;0;Também na menor
55;agua oxigenada aline 40;7897161371024;2,2;1,3;;;0;UN;;1;2025-12-05 11:08:02;2025-12-05 11:08:02;;0;Também na menor
56;ampola skafe;7898658621073;2;1;;;0;UN;;1;2025-12-05 11:10:57;2025-12-05 11:10:57;;0;Também na menor
57;sha clear ice;7891150007406;18,5;15;Outros;;0;UN;;1;2025-12-05 11:12:24;2025-12-05 11:12:24;;0;Também na menor
58;sha clear limpeza;7898422746216;18,5;16;Outros;;0;UN;;1;2025-12-05 11:13:29;2025-12-05 11:13:29;;0;Também na menor
59;aha clear sport;7891150019508;18,5;15;Outros;;0;UN;;1;2025-12-05 11:14:40;2025-12-05 11:14:40;;0;Também na menor
60;sha dino glice neutro;7898752300652;9;7;;;0;UN;;1;2025-12-05 11:17:43;2025-12-05 11:17:43;;0;Também na menor
61;sabonete liq dinno glic cabeça 100ml;7898752300683;9;7;;;0;UN;;1;2025-12-05 11:21:08;2025-12-05 11:21:08;;0;Também na menor
62;sha dinno glic n 500ml;7898752300690;12;9;;;0;UN;;1;2025-12-05 11:23:01;2025-12-05 11:23:01;;0;Também na menor
63;sabonet liq dinno glic 500ml;7898752300966;19,5;15;;;0;UN;;1;2025-12-05 11:25:29;2025-12-05 11:25:29;;0;Também na menor
64;amaciant sonho azul 500;7896013107613;3,5;2;;;0;UN;;1;2025-12-05 11:27:25;2025-12-05 11:27:25;;0;Também na menor
65;amaciant sonho coco 500;7896013103523;3,5;2;;;0;UN;;1;2025-12-05 11:28:17;2025-12-05 11:28:17;;0;Também na menor
66;amaciant sonho lavanda 500;7896013100898;3,5;2;;;0;UN;;1;2025-12-05 11:29:23;2025-12-05 11:29:23;;0;Também na menor
67;amaciant sonho paixao 500;7896013108207;3,5;2;;;0;UN;;1;2025-12-05 11:30:20;2025-12-05 11:30:20;;0;Também na menor
68;amaciant ype ternura 500;7896098900413;3,5;2;;;0;UN;;1;2025-12-05 11:31:25;2025-12-05 11:31:25;;0;Também na menor
69;amac ype aconhego 500;7896098900406;3,5;2;;;0;UN;;1;2025-12-05 11:33:09;2025-12-05 11:33:09;;0;Também na menor
70;desc po marcia  camomil;7896221802232;4,5;3,3;;;0;UN;;1;2025-12-05 11:38:07;2025-12-05 11:38:07;;0;Também na menor
71;descol po marcia ametista;7896221808128;4,5;3,3;;;0;UN;;1;2025-12-05 11:39:43;2025-12-05 11:39:43;;0;Também na menor
72;kit banho de lua d zizi;4588888888881;6;4,9;;;0;UN;;1;2025-12-05 11:42:16;2025-12-05 11:42:16;;0;Também na menor
73;kit banho d lua yasmin;7898973397486;6;4,9;;;0;UN;;1;2025-12-05 11:43:05;2025-12-05 11:43:05;;0;Também na menor
74;veja gold;7891035285172;7;5,3;;;0;UN;;1;2025-12-05 11:47:13;2025-12-05 11:47:13;;0;Também na menor
75;veja rosa;7891035285165;7;5,3;;;0;UN;;1;2025-12-05 11:48:43;2025-12-05 11:48:43;;0;Também na menor
76;veja azul;7891035800214;7;5,3;;;0;UN;;1;2025-12-05 11:49:47;2025-12-05 11:49:47;;0;Também na menor
77;veja verde;7891035285158;7;5,3;;;0;UN;;1;2025-12-05 11:50:34;2025-12-05 11:50:34;;0;Também na menor
78;amaciant downy concent;7500435198240;11,99;9;;;0;UN;;1;2025-12-05 11:54:05;2025-12-05 11:54:05;;0;Também na menor
79;oleo de coco extra virg;070341051184;8;6;;;0;UN;;1;2025-12-05 12:02:07;2025-12-05 12:02:07;;0;Também na menor
80;colonia dinno  lavanda 100;7898752300676;11,5;8,9;Outros;;0;UN;;1;2025-12-05 12:03:23;2025-12-05 12:03:23;;0;Também na menor
81;limp vidro vidrex;7891035800207;13;10;;;0;UN;;1;2025-12-05 12:04:22;2025-12-05 12:04:22;;0;Também na menor
82;sha corpo dourado jaborandi 1l;7898610070925;15;13;;;0;UN;;1;2025-12-05 12:14:08;2025-12-05 12:14:08;;0;Também na menor
83;sal milmares;703387018964;1;0,7;;;0;UN;;1;2025-12-05 12:15:34;2025-12-05 12:15:34;;0;Também na menor
84;sabonet liq limpebem gold 1l;7898972781293;10;8;;;0;UN;;1;2025-12-05 12:18:11;2025-12-05 12:18:11;;0;Também na menor
85;protex liq aveia 250ml;7891024114216;17;14;;;0;UN;;1;2025-12-05 12:21:34;2025-12-05 12:21:34;;0;Também na menor
86;sabont liq aline 1l erva doce;7897161390339;10;8;;;0;UN;;1;2025-12-05 12:23:05;2025-12-05 12:23:05;;0;Também na menor
87;sabonet liq aline neutro 1l;7897161390308;10;8;;;0;UN;;1;2025-12-05 12:24:21;2025-12-05 12:24:21;;0;Também na menor
88;kit elseve pure;7908615017211;31;27;;;0;UN;;1;2025-12-05 12:28:49;2025-12-05 12:28:49;;0;Também na menor
89;sabonete liq monange detox 240ml;7896235354000;10;8;;;0;UN;;1;2025-12-05 12:30:39;2025-12-05 12:30:39;;0;Também na menor
90;sabonet rexona antbac 250ml;7891150083097;7,5;5,5;;;0;UN;;1;2025-12-05 12:33:16;2025-12-05 12:33:16;;0;Também na menor
91;sabonet dove liq sach baunilha;7891150053236;15;12;;;0;UN;;1;2025-12-05 12:39:38;2025-12-05 12:39:38;;0;Também na menor
92;esfoliant corpo dourad uva 150g;7908972500180;10;8;;;0;UN;;1;2025-12-05 12:41:19;2025-12-05 12:41:19;;0;Também na menor
93;gel d cabelo sem alc;7897161347043;7;4,5;Outros;;0;UN;;1;2025-12-05 12:42:31;2025-12-05 12:42:31;;0;Também na menor
94;aceptol 200;7898970559436;8,7;6;;;0;UN;;1;2025-12-05 12:44:01;2025-12-05 12:44:01;;0;Também na menor
95;CLOSEUP FRESH;7891150063075;9;7;Açougue;;0;UN;;1;2025-12-05 12:45:44;2025-12-05 12:45:44;;0;Também na menor
96;SABONET INTIMO BABAB;7898751480386;6;4,8;Perfumaria;;5;UN;;1;2025-12-05 12:47:15;2025-12-05 12:47:15;;0;Também na menor
97;DESOD DOVE ORIGINA;7506306241183;14,5;12,5;Perfumaria;;5;UN;;1;2025-12-05 12:52:24;2025-12-05 12:52:24;;0;Também na menor
98;DESOD NIVIA IMPACT;7791969016029;13,8;11;Perfumaria;;5;UN;;1;2025-12-05 12:54:25;2025-12-05 12:54:25;;0;Também na menor
99;DESOD REXONA AEROSOL ANTEBAC;7791293025537;13,8;11;Perfumaria;;5;UN;;1;2025-12-05 12:56:23;2025-12-05 12:56:23;;0;Também na menor
100;DESOD MONANGE LAVAND;7891350034622;9;7;Perfumaria;;5;UN;;1;2025-12-05 12:57:37;2025-12-05 12:57:37;;0;Também na menor
101;SENSODINE 50G;7896009400049;12,5;11;;;0;UN;;1;2025-12-05 13:11:16;2025-12-05 13:11:16;;0;Também na menor
102;REXONA CLINICAL EXTRA;75076870;28;24;Higiene;;5;UN;;1;2025-12-05 13:13:19;2025-12-05 13:13:19;;0;Também na menor
869;7891024134702;7891024134702;3,9;3;Cadastro Rápido;;0;KG;Produto cadastrado via PDV;1;2025-12-17 10:41:27;2025-12-17 10:41:27;0005;0;Só na maior
104;SAB DE AROEIRA LIQ;7898744460142;3,6;2;Perfumaria;;5;UN;;1;2025-12-05 13:17:22;2025-12-05 13:17:22;;0;Também na menor
105;SABON LIQ CAMOMILA;7898744460210;3,6;2;Perfumaria;;5;UN;;1;2025-12-05 13:18:33;2025-12-05 13:18:33;;0;Também na menor
106;ENCHAGUANT BUC;7509546679525;14;11,8;Higiene;;5;UN;;1;2025-12-05 13:20:05;2025-12-05 13:20:05;;0;Também na menor
107;ENXAGUANT BUC FRESH;7891024136409;14;11,5;Higiene;;5;UN;;1;2025-12-05 13:21:24;2025-12-05 13:21:24;;0;Também na menor
108;sab liq ala sach;7891150091016;9;7;;;0;UN;;1;2025-12-05 16:22:23;2025-12-05 16:22:23;;0;Também na menor
109;sab liq ariel radiante;7500435141987;12,5;10;;;0;UN;;1;2025-12-05 16:24:40;2025-12-05 16:24:40;;0;Também na menor
110;sab omo liq;7891150086951;11;10;;;0;UN;;1;2025-12-05 16:27:11;2025-12-05 16:27:11;;0;Também na menor
111;brilhante liq;7891150086968;10;10;;;0;UN;;1;2025-12-05 16:29:32;2025-12-05 16:29:32;;0;Também na menor
112;Vanish cores;7891035041006;11;10;;;0;UN;;1;2025-12-05 16:32:57;2025-12-05 16:32:57;;0;Também na menor
113;Herbissimo neutro;7896049528505;5;4;;;0;UN;;1;2025-12-05 16:33:58;2025-12-05 16:33:58;;0;Também na menor
114;Herbissimo vanilla;7896049528574;5;4;;;0;UN;;1;2025-12-05 16:34:57;2025-12-05 16:34:57;;0;Também na menor
115;Herbissimo bio protect;7896049525726;5;4;;;0;UN;;1;2025-12-05 16:36:30;2025-12-05 16:36:30;;0;Também na menor
116;Herbissimo tradicional;7896049528512;5;4;;;0;UN;;1;2025-12-05 16:38:20;2025-12-05 16:38:20;;0;Também na menor
117;Leite de rosas 100ml;7896806700021;3,8;3;;;0;UN;;1;2025-12-05 16:41:01;2025-12-05 16:41:01;;0;Também na menor
118;Leite de rosas 60ml;7896806700014;2,8;2;;;0;UN;;1;2025-12-05 16:41:46;2025-12-05 16:41:46;;0;Também na menor
119;Barla 80g;7896806700069;5;4;;;0;UN;;1;2025-12-05 16:43:03;2025-12-05 16:43:03;;0;Também na menor
120;Barla 140g;7896806700076;7;6;;;0;UN;;1;2025-12-05 16:44:15;2025-12-05 16:44:15;;0;Também na menor
121;Colonia paris jardins de versalhes;7897161326055;16;15;Outros;;0;UN;;1;2025-12-05 16:48:08;2025-12-05 16:48:08;;0;Também na menor
122;Herbissimo fresh;7896049528604;5;4;;;0;UN;;1;2025-12-05 16:54:57;2025-12-05 16:54:57;;0;Também na menor
123;O|leo de coco 100ml;7898744460845;7;6;;;0;UN;;1;2025-12-05 16:55:59;2025-12-05 16:55:59;;0;Também na menor
124;Oleo de ricino;7898917757021;7;6;;;0;UN;;1;2025-12-05 16:58:37;2025-12-05 16:58:37;;0;Também na menor
125;Reparador de pontas coco  e karite;7897161351026;7;6;;;0;UN;;1;2025-12-05 17:01:10;2025-12-05 17:01:10;;0;Também na menor
126;tonico capilar  fattore;7898932946878;8,5;7;;;0;UN;;1;2025-12-05 17:04:31;2025-12-05 17:04:31;;0;Também na menor
127;Talco flora nene;7896017721013;9,5;9;;;0;UN;;1;2025-12-05 17:11:09;2025-12-05 17:11:09;;0;Também na menor
128;Leite de colonia tempo de amar;7896235353287;5,5;5;;;0;UN;;1;2025-12-05 17:12:23;2025-12-05 17:12:23;;0;Também na menor
129;|Leite de colonia toque de carinho;7896235353300;5,5;5;;;0;UN;;1;2025-12-05 17:13:27;2025-12-05 17:13:27;;0;Também na menor
130;Rexona rollon bamboo e aloe vera;75063559;6;5;;;0;UN;;1;2025-12-05 17:18:57;2025-12-05 17:18:57;;0;Também na menor
131;Reparador fattore  argan;7898970559672;7;6;;;0;UN;;1;2025-12-05 17:20:11;2025-12-05 17:20:11;;0;Também na menor
132;Lavanda flora;7896017710048;9;8;;;0;UN;;1;2025-12-05 17:26:13;2025-12-05 17:26:13;;0;Também na menor
133;shampoo flora cachos;7896017708304;9;8;;;0;UN;;1;2025-12-05 17:28:43;2025-12-05 17:28:43;;0;Também na menor
134;repelent nutrie spray;7898639301604;12;9;;;0;UN;;1;2025-12-05 18:47:34;2025-12-05 18:47:34;;0;Também na menor
135;repelent spray mais;7897161347753;13;9;;;0;UN;;1;2025-12-05 18:48:39;2025-12-05 18:48:39;;0;Também na menor
136;amaciante ype ternura 2l;7896098902417;12;9;;;0;UN;;1;2025-12-05 18:50:44;2025-12-05 18:50:44;;0;Também na menor
137;amaciante ype aconchego 2l;7896098902400;12;9;;;0;UN;;1;2025-12-05 18:52:08;2025-12-05 18:52:08;;0;Também na menor
138;amaciant urca maciez 2l;7896056401136;10;7;;;0;UN;;1;2025-12-05 18:53:52;2025-12-05 18:53:52;;0;Também na menor
139;amaciant urca lavanda 2l;7896056404014;10;7;;;0;UN;;1;2025-12-05 18:56:01;2025-12-05 18:56:01;;0;Também na menor
140;sabonet nivea karite;4006000172828;4,7;3;;;0;UN;;1;2025-12-05 19:09:21;2025-12-05 19:09:21;;0;Também na menor
141;colonia aline paris chic;7897161326024;16;12;Outros;;0;UN;;1;2025-12-05 19:12:02;2025-12-05 19:12:02;;0;Também na menor
142;sabonete jhoson sandalo;7891010247393;6,8;4;;;0;UN;;1;2025-12-05 19:13:31;2025-12-05 19:13:31;;0;Também na menor
143;sab jhoson erva doce;7891010247454;6,8;4;;;0;UN;;1;2025-12-05 19:14:31;2025-12-05 19:14:31;;0;Também na menor
144;sab jhoson roma;7891010247423;6,8;4;;;0;UN;;1;2025-12-05 19:15:15;2025-12-05 19:15:15;;0;Também na menor
145;sab jhoson baby original;7891010032906;6,8;4;;;0;UN;;1;2025-12-05 19:17:41;2025-12-05 19:17:41;;0;Também na menor
146;sab pompom karite;7896094905634;6,5;4;;;0;UN;;1;2025-12-05 19:19:22;2025-12-05 19:19:22;;0;Também na menor
147;sab alma de flor;7891134001710;5,7;4;;;0;UN;;1;2025-12-05 19:20:26;2025-12-05 19:20:26;;0;Também na menor
148;sab coco aguiar 200;7896388222003;2,6;1,6;;;0;UN;;1;2025-12-05 19:21:57;2025-12-05 19:21:57;;0;Também na menor
149;sab alban frut vermel;7908324404005;2;1,4;;;0;UN;;1;2025-12-05 19:23:45;2025-12-05 19:23:45;;0;Também na menor
150;sab alban antibac;7897664171732;2;1,4;;;0;UN;;1;2025-12-05 19:24:39;2025-12-05 19:24:39;;0;Também na menor
151;sab alban macadam;7897664171725;2;1,4;;;0;UN;;1;2025-12-05 19:26:01;2025-12-05 19:26:01;;0;Também na menor
152;sab alban  profunda;7908324404029;2;1,4;;;0;UN;;1;2025-12-05 19:27:24;2025-12-05 19:27:24;;0;Também na menor
153;sab alban natureza;7908324404012;2;1,4;;;0;UN;;1;2025-12-05 19:28:07;2025-12-05 19:28:07;;0;Também na menor
154;sab even karite;7896013107842;2,4;1,6;;;0;UN;;1;2025-12-05 19:29:14;2025-12-05 19:29:14;;0;Também na menor
155;sab even mara cuj;7896013107934;2,4;1,6;;;0;UN;;1;2025-12-05 19:29:59;2025-12-05 19:29:59;;0;Também na menor
156;sab even pitang;7896013107910;2,4;1,6;;;0;UN;;1;2025-12-05 19:30:57;2025-12-05 19:30:57;;0;Também na menor
157;sab protex erva doce;7891024038819;3,7;2,3;;;0;UN;;1;2025-12-05 19:32:39;2025-12-05 19:32:39;;0;Também na menor
158;sab palmoliv rosas;7891024034804;3,7;2,3;;;0;UN;;1;2025-12-05 19:33:43;2025-12-05 19:33:43;;0;Também na menor
159;sab pompom amend;7896094905641;6,5;4,8;;;0;UN;;1;2025-12-05 19:34:59;2025-12-05 19:34:59;;0;Também na menor
160;sab dove karite;7891150019560;5,5;3,7;;;0;UN;;1;2025-12-05 19:36:28;2025-12-05 19:36:28;;0;Também na menor
161;sab dove antibac;7891150075382;5,5;3,7;;;0;UN;;1;2025-12-05 19:37:44;2025-12-05 19:37:44;;0;Também na menor
162;sab d aroeira barra;7898744460012;2,6;1,5;;;0;UN;;1;2025-12-05 19:38:59;2025-12-05 19:38:59;;0;Também na menor
163;sab phebo d rosa;7896512909787;5,7;4,3;;;0;UN;;1;2025-12-05 19:40:15;2025-12-05 19:40:15;;0;Também na menor
164;sab granado barra;7896512905420;5,9;4,3;;;0;UN;;1;2025-12-05 19:41:51;2025-12-05 19:41:51;;0;Também na menor
165;cor e ton 10;7896000706058;12,5;9;;;0;UN;;1;2025-12-05 21:02:33;2025-12-05 21:02:33;;0;Também na menor
166;cor e ton 3;7896000705969;14;11,66;Outros;;0;UN;;1;2025-12-05 21:03:19;2025-12-05 21:03:19;;0;Também na menor
167;mat inset aquatec;7897664170766;15;11;;;0;UN;;1;2025-12-05 21:05:16;2025-12-05 21:05:16;;0;Também na menor
168;sbp mult;7891035618567;15;11;;;0;UN;;1;2025-12-05 21:06:13;2025-12-05 21:06:13;;0;Também na menor
169;glade  infancia;7894650014448;18;15;;;0;UN;;1;2025-12-05 21:07:40;2025-12-05 21:07:40;;0;Também na menor
170;baygon eucalipt;7894650004227;14;11;;;0;UN;;1;2025-12-05 21:09:16;2025-12-05 21:09:16;;0;Também na menor
171;antiferrugem;7898693151412;9,5;7;;;0;UN;;1;2025-12-05 21:10:30;2025-12-05 21:10:30;;0;Também na menor
900;abacaxi;8149490849767;7;6;Açougue;;2;UN;;1;2025-12-17 14:22:46;2025-12-17 14:22:46;0036;0;Só na maior
173;rum montila;7891050004307;27;25;Outros;;0;UN;;1;2025-12-05 21:14:09;2025-12-05 21:14:09;;0;Também na menor
174;dingoos;7898172661777;25;19;;;0;UN;;1;2025-12-05 21:15:45;2025-12-05 21:15:45;;0;Também na menor
175;chivas regal;080432400432;125;120;;;0;UN;;1;2025-12-05 21:17:54;2025-12-05 21:17:54;;0;Também na menor
176;campari;7896010006315;60;54;;;0;UN;;1;2025-12-05 21:19:39;2025-12-05 21:19:39;;0;Também na menor
177;red label;5000267013602;100;89;;;0;UN;;1;2025-12-05 21:20:58;2025-12-05 21:20:58;;0;Também na menor
178;colgate total 12 fresh;7891024135310;9,5;7;;;0;UN;;1;2025-12-05 22:32:43;2025-12-05 22:32:43;;0;Também na menor
179;colgate tripla 180;7891024132371;7,7;6;;;0;UN;;1;2025-12-05 22:34:12;2025-12-05 22:34:12;;0;Também na menor
180;colgate 180;7891024134610;7,7;6;;;0;UN;;1;2025-12-05 22:34:48;2025-12-05 22:34:48;;0;Também na menor
181;sorriso 180;7891528038001;6,3;5,5;;;0;UN;;1;2025-12-05 22:35:38;2025-12-05 22:35:38;;0;Também na menor
182;shamp flora normais;7896017717115;7,8;5,5;;;0;UN;;1;2025-12-05 22:39:04;2025-12-05 22:39:04;;0;Também na menor
183;meu lar oceanic;7898057830182;3,3;2;;;0;UN;;1;2025-12-06 11:22:31;2025-12-06 11:22:31;;0;Também na menor
184;meu lar nature;7898057830199;3,3;2;;;0;UN;;1;2025-12-06 11:24:49;2025-12-06 11:24:49;;0;Também na menor
185;DES. brilho prático  floral;7898943124104;3;2;Outros;;0;UN;;1;2025-12-06 11:27:11;2025-12-06 11:27:11;;0;Também na menor
186;Pinho sol lavanda;7891024193051;7,5;6;;;0;UN;;1;2025-12-06 11:29:54;2025-12-06 11:29:54;;0;Também na menor
187;pinho sol original;7891024194249;7,5;6;;;0;UN;;1;2025-12-06 11:33:16;2025-12-06 11:33:16;;0;Também na menor
188;detergente YPÊ neutro;7896098900208;2,8;2;Outros;;0;UN;;1;2025-12-06 11:39:55;2025-12-06 11:39:55;;0;Também na menor
189;DETERGENTE YPÊ LIMÃO;7896098900222;2,8;2;;;0;UN;;1;2025-12-06 11:44:14;2025-12-06 11:44:14;;0;Também na menor
190;detergente ypê clear care;7896098900277;2,8;2;;;0;UN;;1;2025-12-06 11:47:28;2025-12-06 11:47:28;;0;Também na menor
191;deterg ypê clear;7896098900253;2,8;2;;;0;UN;;1;2025-12-06 11:49:28;2025-12-06 11:49:28;;0;Também na menor
192;deterg coco;7896098900239;2,8;2;;;0;UN;;1;2025-12-06 11:51:24;2025-12-06 11:51:24;;0;Também na menor
193;polid de aluminho;7898943124012;2,2;2;;;0;UN;;1;2025-12-06 11:53:56;2025-12-06 11:53:56;;0;Também na menor
194;deterg limpol neutro;7891022638004;2,4;2;;;0;UN;;1;2025-12-06 12:03:39;2025-12-06 12:03:39;;0;Também na menor
195;deterg limpol CRISTAL;7891022100372;2,4;2;;;0;UN;;1;2025-12-06 12:07:16;2025-12-06 12:07:16;;0;Também na menor
196;deterg limpol maçã;7891022639001;2,4;2;;;0;UN;;1;2025-12-06 12:10:15;2025-12-06 12:10:15;;0;Também na menor
197;frauda mili G;7896104991787;40;38;;;0;UN;;1;2025-12-06 12:47:07;2025-12-06 12:47:07;;0;Também na menor
198;frauda hipopó M;7899700802136;29;27;;;0;UN;;1;2025-12-06 12:51:24;2025-12-06 12:51:24;;0;Também na menor
199;assim tira manchas barra;7908324403053;7;5;;;0;UN;;1;2025-12-06 12:58:43;2025-12-06 12:58:43;;0;Também na menor
200;vanish super barra;7891035040191;7;5;;;0;UN;;1;2025-12-06 13:03:34;2025-12-06 13:03:34;;0;Também na menor
201;ASSIM sabão em po  G;7908324402742;18;16;;;0;UN;;1;2025-12-06 13:06:43;2025-12-06 13:06:43;;0;Também na menor
202;ASSIM sabão em po M;7908324402711;7,5;5;;;0;UN;;1;2025-12-06 13:09:28;2025-12-06 13:09:28;;0;Também na menor
203;ALA  sabão em po erva doce;7891150097605;4,4;2;Açougue;;0;UN;;1;2025-12-06 13:13:06;2025-12-06 13:13:06;;0;Também na menor
204;ALA sabão em po lavanda;7891150097544;4,4;2;;;0;UN;;1;2025-12-06 13:15:53;2025-12-06 13:15:53;;0;Também na menor
205;ala sabao em po coco;7891150097575;4,4;2;;;0;UN;;1;2025-12-06 13:17:02;2025-12-06 13:17:02;;0;Também na menor
206;ala sabão em po rossas;7891150097568;4,4;2;;;0;UN;;1;2025-12-06 13:20:25;2025-12-06 13:20:25;;0;Também na menor
207;OMO lavagem perfeita;7891150064522;8;6;;;0;UN;;1;2025-12-06 13:30:09;2025-12-06 13:30:09;;0;Também na menor
208;brilhante sabão po G;7891150086401;23;21;;;0;UN;;1;2025-12-06 13:32:48;2025-12-06 13:32:48;;0;Também na menor
209;soda caustica;7898110850508;9;7;;;0;UN;;1;2025-12-06 19:09:13;2025-12-06 19:09:13;;0;Também na menor
210;sha cães e gatos;7896648225423;5;3;;;0;UN;;1;2025-12-06 19:11:39;2025-12-06 19:11:39;;0;Também na menor
211;alcool s cruz 1l;7896454300079;9;7;;;0;UN;;1;2025-12-06 20:21:28;2025-12-06 20:21:28;;0;Também na menor
212;sab liq morango;7898351966501;3,6;2,3;;;0;UN;;1;2025-12-06 20:25:25;2025-12-06 20:25:25;;0;Também na menor
213;algodao floc;7894488000118;1,5;1;;;0;UN;;1;2025-12-06 20:26:24;2025-12-06 20:26:24;;0;Também na menor
214;prato des 15;7898505140450;1,8;1;;;0;UN;;1;2025-12-06 20:27:44;2025-12-06 20:27:44;;0;Também na menor
215;alcool meu lar 1 lt;7898057833015;7,8;5,8;;;0;UN;;1;2025-12-06 20:29:03;2025-12-06 20:29:03;;0;Também na menor
216;pedra san eucalip;7898032680122;2;1;;;0;UN;;1;2025-12-06 20:30:51;2025-12-06 20:30:51;;0;Também na menor
217;pedra san lavanda;7898032680115;2;1;;;0;UN;;1;2025-12-06 20:32:00;2025-12-06 20:32:00;;0;Também na menor
218;escova de ulha;7898920552203;2,5;1,5;;;0;UN;;1;2025-12-06 20:33:07;2025-12-06 20:33:07;;0;Também na menor
219;nafitalina sampa;7898032680061;2;1;;;0;UN;;1;2025-12-06 20:37:41;2025-12-06 20:37:41;;0;Também na menor
220;colgatr mpa 50g;7891024132906;3,6;2,5;;;0;UN;;1;2025-12-06 20:38:39;2025-12-06 20:38:39;;0;Também na menor
221;creme dent infant galin pintad;7891055538517;3,8;2,3;;;0;UN;;1;2025-12-06 20:41:07;2025-12-06 20:41:07;;0;Também na menor
222;saboneteira;7898179465262;2,4;1,5;;;0;UN;;1;2025-12-06 20:43:11;2025-12-06 20:43:11;;0;Também na menor
223;pedra sant jasm;7898032680139;2;1;;;0;UN;;1;2025-12-06 20:43:54;2025-12-06 20:43:54;;0;Também na menor
224;pedra sant frutt;7898032680146;2;1;;;0;UN;;1;2025-12-06 20:44:32;2025-12-06 20:44:32;;0;Também na menor
225;sorriso 90;7891528030142;3,9;2,5;;;0;UN;;1;2025-12-06 20:45:24;2025-12-06 20:45:24;;0;Também na menor
226;sorriso 90 trip;7891528029498;3,9;2,3;;;0;UN;;1;2025-12-06 20:46:43;2025-12-06 20:46:43;;0;Também na menor
227;colgate total 12;7793100111143;9,5;7;;;50;UN;;1;2025-12-06 20:48:10;2025-12-06 20:48:10;;0;Também na menor
228;colgate total 12 activia;7509546702605;9,5;7;;;0;UN;;1;2025-12-06 20:49:52;2025-12-06 20:49:52;;0;Também na menor
229;escova dent goal;7899958249493;2;0,9;;;0;UN;;1;2025-12-06 20:57:15;2025-12-06 20:57:15;;0;Também na menor
230;escova de dent oral b;7500435134415;3,8;2,3;;;0;UN;;1;2025-12-06 20:58:12;2025-12-06 20:58:12;;0;Também na menor
231;colher de plast;7898961922485;3,8;2;;;0;UN;;1;2025-12-06 21:01:21;2025-12-06 21:01:21;;0;Também na menor
232;garfo de plast;7898634580370;4;2;;;0;UN;;1;2025-12-06 21:02:13;2025-12-06 21:02:13;;0;Também na menor
233;escova de dent goal media;7899958216426;2;1;;;0;UN;;1;2025-12-06 21:03:56;2025-12-06 21:03:56;;0;Também na menor
234;escova de dent goal m;7899958229631;2;1;;;0;UN;;1;2025-12-06 21:05:18;2025-12-06 21:05:18;;0;Também na menor
235;forma de biej  b;7897119592617;2,5;1;Outros;;0;UN;;1;2025-12-06 21:06:55;2025-12-06 21:06:55;;0;Também na menor
236;forma de beij v;897307401622;2,5;1,5;;;0;UN;;1;2025-12-06 21:08:25;2025-12-06 21:08:25;;0;Também na menor
237;forma de beij ama;897119592648;2,5;1,5;;;0;UN;;1;2025-12-06 21:10:46;2025-12-06 21:10:46;;0;Também na menor
238;colgate trip 90;7891024132005;4,2;3;;;0;UN;;1;2025-12-06 21:12:06;2025-12-06 21:12:06;;0;Também na menor
239;oleo de perob;7896050500255;10,5;8;;;0;UN;;1;2025-12-06 21:14:19;2025-12-06 21:14:19;;0;Também na menor
240;lustra mov;7896050500460;5,8;4,3;;;0;UN;;1;2025-12-06 21:15:26;2025-12-06 21:15:26;;0;Também na menor
241;alcoll santa cruz70 500ml;7896454300048;6;4,52;;;0;UN;;1;2025-12-06 21:17:41;2025-12-06 21:17:41;;0;Também na menor
242;oleo singer;7896785450788;5;3,8;;;0;UN;;1;2025-12-06 21:18:46;2025-12-06 21:18:46;;0;Também na menor
243;prendedor plast.;7899767264540;2;2;;;0;UN;;1;2025-12-06 21:21:05;2025-12-06 21:21:05;;0;Também na menor
244;PRENDEDOR PLASTIC. QUALINE;7898253481553;2;2;;;0;UN;;1;2025-12-06 21:22:15;2025-12-06 21:22:15;;0;Também na menor
245;prendedor madeira pega pega;7897288200023;2;2;;;0;UN;;1;2025-12-06 21:23:37;2025-12-06 21:23:37;;0;Também na menor
246;bombril;7891022868036;2,5;2;;;0;UN;;1;2025-12-06 21:25:55;2025-12-06 21:25:55;;0;Também na menor
247;BOMBRIL ASSOLAN;7896090100101;2,5;2;;;0;UN;;1;2025-12-06 21:26:59;2025-12-06 21:26:59;;0;Também na menor
248;Guardanapo girassol 50 UND;7898457140171;1,5;1;;;0;UN;;1;2025-12-06 21:31:01;2025-12-06 21:31:01;;0;Também na menor
249;guardanapo girassol 120 UND;7898457140218;1,5;1;;;0;UN;;1;2025-12-06 21:32:59;2025-12-06 21:32:59;;0;Também na menor
250;palito de dente paraná;7896080900001;1,5;1;;;0;UN;;1;2025-12-06 21:35:02;2025-12-06 21:35:02;;0;Também na menor
251;palito de dente gaboardi;7896384518254;1,5;1;;;0;UN;;1;2025-12-06 21:35:48;2025-12-06 21:35:48;;0;Também na menor
252;palito de dente theoto;7891334150010;1,5;1;;;0;UN;;1;2025-12-06 21:37:24;2025-12-06 21:37:24;;0;Também na menor
253;espetos de bambu;7898946757576;3,5;2,5;;;0;UN;;1;2025-12-06 21:38:59;2025-12-06 21:38:59;;0;Também na menor
254;fósforo gaboardi;7896279200103;3,5;2,5;;;0;UN;;1;2025-12-06 21:41:28;2025-12-06 21:41:28;;0;Também na menor
255;fósforo argos;7898905100054;3,5;2,5;;;0;UN;;1;2025-12-06 21:42:38;2025-12-06 21:42:38;;0;Também na menor
256;lâmpada avant;7899452032119;7;5;;;0;UN;;1;2025-12-06 21:44:17;2025-12-06 21:44:17;;0;Também na menor
257;velas N 10;7896388200087;4,2;3,2;;;0;UN;;1;2025-12-06 21:46:33;2025-12-06 21:46:33;;0;Também na menor
258;velas N 5;7896388241059;3,2;2,2;;;0;UN;;1;2025-12-06 21:48:12;2025-12-06 21:48:12;;0;Também na menor
259;vela setimo dia;7896388242070;9;8;;;0;UN;;1;2025-12-06 21:50:37;2025-12-06 21:50:37;;0;Também na menor
260;escovão de madeira;7891055111604;2,8;2,8;;;0;UN;;1;2025-12-06 21:53:25;2025-12-06 21:53:25;;0;Também na menor
261;escovão de plastc;7894642900025;2,8;2,8;;;0;UN;;1;2025-12-06 21:54:15;2025-12-06 21:54:15;;0;Também na menor
262;coador de café;7891234567895;2,5;2,5;;;0;UN;;1;2025-12-06 21:55:47;2025-12-06 21:55:47;;0;Também na menor
263;papel filme 15 metros;7898930535128;5;5;;;0;UN;;1;2025-12-06 21:56:47;2025-12-06 21:56:47;;0;Também na menor
264;papel filme 30 metros;7898930535135;5;5;;;0;UN;;1;2025-12-06 21:57:50;2025-12-06 21:57:50;;0;Também na menor
265;papel alumínio;7896300500868;5,5;5,5;;;0;UN;;1;2025-12-06 21:59:15;2025-12-06 21:59:15;;0;Também na menor
266;esponja brilhus;7896001004511;1;1;;;0;UN;;1;2025-12-06 22:00:30;2025-12-06 22:00:30;;0;Também na menor
267;esponja protetora;7897750778944;2;2;;;0;UN;;1;2025-12-06 22:01:28;2025-12-06 22:01:28;;0;Também na menor
268;tixan YPÊ primavera 400g;7896098909720;6,4;6,4;;;0;UN;;1;2025-12-06 22:05:00;2025-12-06 22:05:00;;0;Também na menor
269;brilux;7896013105657;3,5;3,5;;;0;UN;;1;2025-12-06 22:06:15;2025-12-06 22:06:15;;0;Também na menor
270;água sanitária dragão;7896221600012;2,4;2,4;;;0;UN;;1;2025-12-06 22:07:56;2025-12-06 22:07:56;;0;Também na menor
271;qboa;7896083800018;3,5;3,5;;;0;UN;;1;2025-12-06 22:09:08;2025-12-06 22:09:08;;0;Também na menor
272;leite colonia;7896235353263;5,5;5,5;;;0;UN;;1;2025-12-06 22:09:55;2025-12-06 22:09:55;;0;Também na menor
273;mimmo;7898962794142;6,5;6,5;;;0;UN;;1;2025-12-06 22:12:27;2025-12-06 22:12:27;;0;Também na menor
274;pimpo;7898056270200;2,7;2,7;;;0;UN;;1;2025-12-06 22:13:40;2025-12-06 22:13:40;;0;Também na menor
275;floral papel higiênico;7896006400035;3,8;3,8;;;0;UN;;1;2025-12-06 22:16:17;2025-12-06 22:16:17;;0;Também na menor
276;bambinho;7896053412005;5;5;;;0;UN;;1;2025-12-06 22:17:04;2025-12-06 22:17:04;;0;Também na menor
277;USUAL;7891172523632;11,5;11,5;;;0;UN;;1;2025-12-06 22:18:42;2025-12-06 22:18:42;;0;Também na menor
278;esponja x4;78977507825763;3,5;3,5;;;0;UN;;1;2025-12-06 22:20:23;2025-12-06 22:20:23;;0;Também na menor
279;formas descartáveis;7898684174062;13;13;;;0;UN;;1;2025-12-06 22:23:29;2025-12-06 22:23:29;;0;Também na menor
924;abobrinha;8166946063935;6;5;Cadastro Rápido;;22;KG;Produto cadastrado via PDV;1;2025-12-17 15:54:36;2025-12-17 15:54:36;0060;0;Só na maior
1034;acerola;1316877076109;4;3;Açougue;;0;UN;Produto cadastrado via PDV;1;2025-12-18 22:05:26;2025-12-18 22:05:26;0170;0;Só na maior
1201;achocolatado 2l;7898403780031;8,5;8;Açougue;;0;UN;;1;2025-12-21 21:04:44;2025-12-21 21:04:44;0337;0;Só na maior
283;esponja de aço;7898032680894;2,5;2,5;;;0;UN;;1;2025-12-06 22:28:54;2025-12-06 22:28:54;;0;Também na menor
284;corda pra varal branc;7897369822861;2;2;;;0;UN;;1;2025-12-06 22:30:07;2025-12-06 22:30:07;;0;Também na menor
285;faca idea N 8;7898505850106;21;21;;;0;UN;;1;2025-12-06 22:34:45;2025-12-06 22:34:45;;0;Também na menor
286;faca yunbai;6926168500098;18;18;;;0;UN;;1;2025-12-06 22:36:42;2025-12-06 22:36:42;;0;Também na menor
287;varal de aço;742832356770;4;4;;;0;UN;;1;2025-12-06 22:38:50;2025-12-06 22:38:50;;0;Também na menor
288;sab barra ypê NEUTRO;7896098905906;12;12;Outros;;0;UN;;1;2025-12-06 22:42:20;2025-12-06 22:42:20;;0;Também na menor
289;KIT COLHER  C12;7908629701724;15;9;;;0;UN;;1;2025-12-06 22:48:00;2025-12-06 22:48:00;;0;Também na menor
290;SAB YPE B ALOIV;7896098905968;12;10;;;0;UN;;1;2025-12-06 22:48:52;2025-12-06 22:48:52;;0;Também na menor
291;SAB BARR JUA NEUT;7898123121466;10,5;8;;;0;UN;;1;2025-12-06 22:50:11;2025-12-06 22:50:11;;0;Também na menor
292;CREN D EVEN;7896013106968;2,5;1,8;;;0;UN;;1;2025-12-06 22:51:00;2025-12-06 22:51:00;;0;Também na menor
293;FIO DENT HILLO;7896444210623;4,9;3,5;;;0;UN;;1;2025-12-06 22:52:05;2025-12-06 22:52:05;;0;Também na menor
294;ESC DE DENT INFANT;7899958209992;2;2;;;0;UN;;1;2025-12-06 22:52:50;2025-12-06 22:52:50;;0;Também na menor
295;FACA COLORIDA;7898505859826;17;13;;;0;UN;;1;2025-12-06 22:53:50;2025-12-06 22:53:50;;0;Também na menor
296;KIT GARFO;7908629706422;15;12;;;0;UN;;1;2025-12-06 22:54:42;2025-12-06 22:54:42;;0;Também na menor
297;abs mili c8;7896104993897;5;3,5;;;0;UN;;1;2025-12-07 11:20:51;2025-12-07 11:20:51;;0;Também na menor
298;abs semp livre;7891010503024;3,5;2;;;0;UN;;1;2025-12-07 11:21:52;2025-12-07 11:21:52;;0;Também na menor
299;abs prot diario;7896227650097;3,3;1,8;;;0;UN;;1;2025-12-07 11:22:55;2025-12-07 11:22:55;;0;Também na menor
300;abs conttonbaby s abas;7896227650011;3,3;1,9;;;0;UN;;1;2025-12-07 11:24:00;2025-12-07 11:24:00;;0;Também na menor
301;acendedor d fugao;7501843501707;16;14;;;0;UN;;1;2025-12-07 11:25:03;2025-12-07 11:25:03;;0;Também na menor
302;milho lata pred;7896292340503;4;2,7;;;0;UN;;1;2025-12-07 11:26:09;2025-12-07 11:26:09;;0;Também na menor
303;ervilha l predileta;7896292340541;4;2,8;;;0;UN;;1;2025-12-07 11:31:05;2025-12-07 11:31:05;;0;Também na menor
304;oleo soya;7891107101621;9,3;9,2;Outros;;0;UN;;1;2025-12-07 11:32:34;2025-12-07 11:32:34;;0;Também na menor
305;oleo siol d 500;7896248100816;6,5;5;;;0;UN;;1;2025-12-07 11:33:42;2025-12-07 11:33:42;;0;Também na menor
306;oleo de algodao;7898914796316;12;10;;;0;UN;;1;2025-12-07 11:34:58;2025-12-07 11:34:58;;0;Também na menor
307;sazon salada;7891132019731;4,5;3,7;;;0;UN;;1;2025-12-07 11:36:16;2025-12-07 11:36:16;;0;Também na menor
308;sazon massa;7891132019717;4,5;3,7;;;0;UN;;1;2025-12-07 11:37:05;2025-12-07 11:37:05;;0;Também na menor
309;sazon alho;7891132008698;4,5;3,7;;;0;UN;;1;2025-12-07 11:37:40;2025-12-07 11:37:40;;0;Também na menor
310;sazon arroz;7891132000449;4,5;3,7;;;0;UN;;1;2025-12-07 11:38:41;2025-12-07 11:38:41;;0;Também na menor
311;sazon frango;7891132019274;4,5;3,7;;;0;UN;;1;2025-12-07 11:39:15;2025-12-07 11:39:15;;0;Também na menor
312;sazon de carne;7891132019281;4,5;3,7;;;0;UN;;1;2025-12-07 11:39:50;2025-12-07 11:39:50;;0;Também na menor
313;açafrao d 100g joice;070341120446;4,3;3,5;;;0;UN;;1;2025-12-07 11:42:13;2025-12-07 11:42:13;;0;Também na menor
314;feijoada bordon lt;7896031224583;10;8,5;;;0;UN;;1;2025-12-07 11:43:11;2025-12-07 11:43:11;;0;Também na menor
315;paprica defumada;070341120323;4;3,3;;;0;UN;;1;2025-12-07 11:44:09;2025-12-07 11:44:09;;0;Também na menor
316;sardinha gomes molho de tomat;7891167021020;6;4,9;Outros;;2;UN;;1;2025-12-07 11:45:44;2025-12-07 11:45:44;;0;Também na menor
317;chimichurri s pimenta;7898917576908;3,5;2,5;Outros;;0;UN;;1;2025-12-07 11:47:34;2025-12-07 11:47:34;;0;Também na menor
318;pimenta em grao;7898351350157;4;2,5;Outros;;0;UN;;1;2025-12-07 11:49:15;2025-12-07 11:49:15;;0;Também na menor
319;coloral caseiro d500;7898425150669;6;4,8;;;0;UN;;1;2025-12-07 11:52:44;2025-12-07 11:52:44;;0;Também na menor
320;leite de coco vidro;7898406760717;3,7;2,7;;;0;UN;;1;2025-12-07 11:54:45;2025-12-07 11:54:45;;0;Também na menor
321;leite de coco de pastico;7898677310002;2,3;1,5;;;0;UN;;1;2025-12-07 11:56:03;2025-12-07 11:56:03;;0;Também na menor
322;tempero alho e sal;7898295750150;4;3;;;0;UN;;1;2025-12-07 11:57:19;2025-12-07 11:57:19;;0;Também na menor
323;barracha de panela de pressao;7898121194585;4;3;;;0;UN;;1;2025-12-07 11:58:36;2025-12-07 11:58:36;;0;Também na menor
324;uva passa seca;78911116200324;8;7;;;0;UN;;1;2025-12-07 12:01:43;2025-12-07 12:01:43;;0;Também na menor
325;coloral kimimo 100;7896490288874;2;1,3;;;0;UN;;1;2025-12-07 12:02:48;2025-12-07 12:02:48;;0;Também na menor
326;milho verd sache pred;7896292341098;3,8;2,9;;;0;UN;;1;2025-12-07 12:04:02;2025-12-07 12:04:02;;0;Também na menor
327;dueto sache fug;7897517209643;3,8;2,8;;;0;UN;;1;2025-12-07 12:05:29;2025-12-07 12:05:29;;0;Também na menor
328;alho picado temp d casa200g s sal;7898295752253;5,5;4,5;;;0;UN;;1;2025-12-07 12:08:05;2025-12-07 12:08:05;;0;Também na menor
329;alho c ervas 200g da vovo;7898351350638;5,5;4,5;;;0;UN;;1;2025-12-07 12:09:17;2025-12-07 12:09:17;;0;Também na menor
330;almondega lata bord;7896031221889;10;9;;;0;UN;;1;2025-12-07 12:10:07;2025-12-07 12:10:07;;0;Também na menor
331;sad 88 c molho;7891167021457;4,7;4;;;0;UN;;1;2025-12-07 12:12:52;2025-12-07 12:12:52;;0;Também na menor
332;sad 88 ao oleo;7891167021440;4,7;4;;;0;UN;;1;2025-12-07 12:13:50;2025-12-07 12:13:50;;0;Também na menor
333;sard palmeira c molho;7896117100367;4,7;4;;;0;UN;;1;2025-12-07 12:14:56;2025-12-07 12:14:56;;0;Também na menor
334;carn de lata bordon;7896031230386;9;7;;;0;UN;;1;2025-12-07 12:16:24;2025-12-07 12:16:24;;0;Também na menor
335;carn de lata oderich;7896041104011;7,5;6;;;0;UN;;1;2025-12-07 12:17:18;2025-12-07 12:17:18;;0;Também na menor
336;azeite d dende;7896369611093;6;4,3;;;0;UN;;1;2025-12-07 12:19:16;2025-12-07 12:19:16;;0;Também na menor
337;azeitona tamb 160g;7896945403456;3,8;2,8;;;0;UN;;1;2025-12-07 12:20:16;2025-12-07 12:20:16;;0;Também na menor
338;atum pate natural;7891167831650;9;7;;;0;UN;;1;2025-12-07 12:26:08;2025-12-07 12:26:08;;0;Também na menor
339;atum pate c azeitona;7891167831667;9;7;;;0;UN;;1;2025-12-07 12:27:07;2025-12-07 12:27:07;;0;Também na menor
340;esponja de aco inox;7899561900576;2,5;1,5;;;0;UN;;1;2025-12-07 12:28:22;2025-12-07 12:28:22;;0;Também na menor
341;colora tia nega 100g;7898157760143;2;1,5;;;0;UN;;1;2025-12-07 12:29:14;2025-12-07 12:29:14;;0;Também na menor
342;farinha de beterraba 100g;042882920991;5;4,3;;;0;UN;;1;2025-12-07 12:30:06;2025-12-07 12:30:06;;0;Também na menor
343;coco ralado original s açucar 100g;7898648022835;4,7;3,3;;;0;UN;;1;2025-12-07 12:32:12;2025-12-07 12:32:12;;0;Também na menor
344;coco ralado adoçado 50g;7896028030661;2,5;1,7;;;0;UN;;1;2025-12-07 12:33:12;2025-12-07 12:33:12;;0;Também na menor
345;kinor de galinh 57g;7891000250174;2;1;;;0;UN;;1;2025-12-07 12:34:12;2025-12-07 12:34:12;;0;Também na menor
346;kinor de galinh 19 g;7891000242483;1;0,35;;;0;UN;;1;2025-12-07 12:35:10;2025-12-07 12:35:10;;0;Também na menor
347;atum lata gom ralad natural;7891167011779;7,5;6,5;;;0;UN;;1;2025-12-07 12:36:20;2025-12-07 12:36:20;;0;Também na menor
348;atum lata gom ralado defumado;7891167012103;7,5;6;;;0;UN;;1;2025-12-07 12:37:56;2025-12-07 12:37:56;;0;Também na menor
349;atum lata ralad c molho d tomate;7898943163073;7,5;6;;;0;UN;;1;2025-12-07 12:39:26;2025-12-07 12:39:26;;0;Também na menor
350;seleta lata  280g;7896292343733;4,2;3,5;;;0;UN;;1;2025-12-07 12:41:33;2025-12-07 12:41:33;;0;Também na menor
351;dueto oderich lata;7896041160109;4;3,3;;;0;UN;;1;2025-12-07 12:46:07;2025-12-07 12:46:07;;0;Também na menor
352;cottonbaby noturn 8;7896227650127;5;3,8;;;0;UN;;1;2025-12-07 12:47:02;2025-12-07 12:47:02;;0;Também na menor
353;kinor de carne 19g;7891000242452;1;0,35;;;0;UN;;1;2025-12-07 12:48:13;2025-12-07 12:48:13;;0;Também na menor
354;kinor de carne d 114g;7891000251515;3,5;2,7;;;0;UN;;1;2025-12-07 12:49:19;2025-12-07 12:49:19;;0;Também na menor
355;milho verd lata fug180g;7897517209391;4;3;;;0;UN;;1;2025-12-07 12:50:30;2025-12-07 12:50:30;;0;Também na menor
356;limon pepper;7898917576779;3,5;3;;;0;UN;;1;2025-12-07 12:52:13;2025-12-07 12:52:13;;0;Também na menor
357;delicitos queij;7898211130370;2;1,5;;;0;UN;;1;2025-12-07 12:53:26;2025-12-07 12:53:26;;0;Também na menor
358;delicitos churrasco;7898211130356;2;1,5;;;0;UN;;1;2025-12-07 12:54:08;2025-12-07 12:54:08;;0;Também na menor
359;delicitos pizz;7898211130363;2;1,5;;;0;UN;;1;2025-12-07 12:54:40;2025-12-07 12:54:40;;0;Também na menor
360;coloral caseiro vitoria 100g;7898425150621;2;1,5;;;0;UN;;1;2025-12-07 12:55:32;2025-12-07 12:55:32;;0;Também na menor
361;always s abas;7500435127264;3,5;2,8;;;0;UN;;1;2025-12-07 12:56:42;2025-12-07 12:56:42;;0;Também na menor
362;copo marat 150ml;7898287990106;5;3,8;;;0;UN;;1;2025-12-07 14:02:24;2025-12-07 14:02:24;;0;Também na menor
363;copo pp ultra trans 180ml;7898339100385;5;3,8;;;0;UN;;1;2025-12-07 14:03:25;2025-12-07 14:03:25;;0;Também na menor
364;copo marat 180ml;7898287990434;5;3,8;;;0;UN;;1;2025-12-07 14:05:01;2025-12-07 14:05:01;;0;Também na menor
365;coloral vitoria de 1kg;7898425150652;11,5;10;;;0;UN;;1;2025-12-07 14:05:57;2025-12-07 14:05:57;;0;Também na menor
366;vinagre de alcool reg;7896108300103;1,8;1;;;0;UN;;1;2025-12-07 14:08:34;2025-12-07 14:08:34;;0;Também na menor
367;maionese temperada buc;7898904591563;8,5;7,8;;;0;UN;;1;2025-12-07 14:10:04;2025-12-07 14:10:04;;0;Também na menor
368;vinagre de maça minhoto 500ml;7896013101055;6;5;;;0;UN;;1;2025-12-07 14:11:25;2025-12-07 14:11:25;;0;Também na menor
369;vinagre de maça;7898295751089;3;2,3;;;0;UN;;1;2025-12-07 14:12:29;2025-12-07 14:12:29;;0;Também na menor
370;vinagre de limao;7898295751072;3;2,3;;;0;UN;;1;2025-12-07 14:13:19;2025-12-07 14:13:19;;0;Também na menor
371;azeite galo extra virge de 250ml;5601252102433;28;24;;;0;UN;;1;2025-12-07 14:14:41;2025-12-07 14:14:41;;0;Também na menor
372;azeite galo vermelh 250ml;5601252106288;28;24;;;0;UN;;1;2025-12-07 14:15:49;2025-12-07 14:15:49;;0;Também na menor
373;azeite galo extra virgem 500ml;5601252231164;48;38;Outros;;0;UN;;1;2025-12-07 14:16:37;2025-12-07 14:16:37;;0;Também na menor
374;azeite galo vermelho 500ml;5601252106103;48;38;Outros;;0;UN;;1;2025-12-07 14:17:50;2025-12-07 14:17:50;;0;Também na menor
375;tempero caseiro parcer;7898947188713;3,9;3;;;0;UN;;1;2025-12-07 14:30:55;2025-12-07 14:30:55;;0;Também na menor
376;tempero comp carne parceria;7898947188683;3,9;3;;;0;UN;;1;2025-12-07 14:32:05;2025-12-07 14:32:05;;0;Também na menor
377;catchup tamb 830g;7896945400813;11,5;10;;;0;UN;;1;2025-12-07 14:33:36;2025-12-07 14:33:36;;0;Também na menor
378;extrato de alho temp d casa;7898295750037;4,3;3,5;;;0;UN;;1;2025-12-07 14:37:10;2025-12-07 14:37:10;;0;Também na menor
379;azeite oliveira;7896036098325;17;13;;;50;UN;;1;2025-12-07 14:40:24;2025-12-07 14:40:24;;0;Também na menor
380;ketchup palmeiron 370g;7898366932577;7;5;;;0;UN;;1;2025-12-07 14:42:16;2025-12-07 14:42:16;;0;Também na menor
381;catchup tamb 380g;7896945402060;5,7;3,5;;;0;UN;;1;2025-12-07 14:43:22;2025-12-07 14:43:22;;0;Também na menor
382;molho gota 150ml;7898286190316;3,5;2,8;;;0;UN;;1;2025-12-07 14:44:36;2025-12-07 14:44:36;;0;Também na menor
383;molho de leite 270ml;7896524865101;5;3,8;;;0;UN;;1;2025-12-07 14:45:26;2025-12-07 14:45:26;;0;Também na menor
384;mostarda tamb 180ml;7896945400769;6,5;5;;;0;UN;;1;2025-12-07 14:46:49;2025-12-07 14:46:49;;0;Também na menor
385;molho shoyo temp d casa 150ml;7898295750181;3,3;2,5;;;0;UN;;1;2025-12-07 14:48:31;2025-12-07 14:48:31;;0;Também na menor
386;molho ingles temp d casa 150ml;7898295750051;3,3;2,5;;;0;UN;;1;2025-12-07 14:50:53;2025-12-07 14:50:53;;0;Também na menor
387;molho ingles reg 150ml;7896108300417;3,3;2,5;;;0;UN;;1;2025-12-07 14:52:09;2025-12-07 14:52:09;;0;Também na menor
388;caldo kitano 1kg;7891095014699;16;10;;;0;UN;;1;2025-12-07 14:55:39;2025-12-07 14:55:39;;0;Também na menor
389;maionese hellmans 335ml;7891150027800;10,5;9;;;0;UN;;1;2025-12-07 14:56:58;2025-12-07 14:56:58;;0;Também na menor
390;molho de tomat pred 300g;7896292333000;2,4;1,8;;;0;UN;;1;2025-12-07 14:58:14;2025-12-07 14:58:14;;0;Também na menor
391;barbecue 380g;7898366932928;10;8;;;0;UN;;1;2025-12-07 14:59:08;2025-12-07 14:59:08;;0;Também na menor
392;molho branco pred 240g;7896292309517;7,5;6;;;0;UN;;1;2025-12-07 15:00:32;2025-12-07 15:00:32;;0;Também na menor
393;ketchup sache oderi;7896041172591;3,3;2,5;;;0;UN;;1;2025-12-07 15:01:40;2025-12-07 15:01:40;;0;Também na menor
394;maionese bucantin 200g;7898904591839;2,7;1,3;;;0;UN;;1;2025-12-07 15:02:33;2025-12-07 15:02:33;;0;Também na menor
395;maionese oderic sache 200g;7896041190274;3;2;;;0;UN;;1;2025-12-07 15:03:44;2025-12-07 15:03:44;;0;Também na menor
396;molho madeira marat 300g;7898286191467;6;3,5;Outros;;0;UN;;1;2025-12-07 15:06:21;2025-12-07 15:06:21;;0;Também na menor
397;molho d tomat pompdoro;7896036098981;2,9;1,5;;;0;UN;;1;2025-12-07 15:07:50;2025-12-07 15:07:50;;0;Também na menor
398;maionese hellmans sache d 200g;7894000030470;5,3;4;;;0;UN;;1;2025-12-07 15:09:33;2025-12-07 15:09:33;;0;Também na menor
399;margarina becel 250g;7891515555269;5,6;4;;;0;UN;;1;2025-12-07 15:10:42;2025-12-07 15:10:42;;0;Também na menor
400;margarina becel 500g;7891515555337;11;9,5;;;0;UN;;1;2025-12-07 15:11:45;2025-12-07 15:11:45;;0;Também na menor
401;marg puro sabor 250g;7891152501537;3,3;2,5;;;0;UN;;1;2025-12-07 15:12:43;2025-12-07 15:12:43;;0;Também na menor
402;marg puro sabor 500g;7891152501544;6;5;;;0;UN;;1;2025-12-07 15:15:46;2025-12-07 15:15:46;;0;Também na menor
403;marg primor 250g;7894904271733;3,3;2,7;;;0;UN;;1;2025-12-07 15:16:44;2025-12-07 15:16:44;;0;Também na menor
404;marga puro sabor 1kg;7891152501551;12;10;;;0;UN;;1;2025-12-07 15:17:48;2025-12-07 15:17:48;;0;Também na menor
405;marga delicia 500g;7894904271528;8,5;7;;;0;UN;;1;2025-12-07 15:18:51;2025-12-07 15:18:51;;0;Também na menor
406;marga qualy 250;7893000394117;5,6;4,5;;;0;UN;;1;2025-12-07 15:20:14;2025-12-07 15:20:14;;0;Também na menor
407;marga primor de 500g;7894904271726;6,5;5,5;;;0;UN;;1;2025-12-07 15:21:22;2025-12-07 15:21:22;;0;Também na menor
408;marga qualy de 500g;7893000394209;11;10;;;0;UN;;1;2025-12-07 15:22:48;2025-12-07 15:22:48;;0;Também na menor
409;ketchup bisn oderic;7896041172508;4;2,8;;;0;UN;;1;2025-12-07 15:23:42;2025-12-07 15:23:42;;0;Também na menor
410;maionese bisn oderic;7896041190014;4;2,8;;;0;UN;;1;2025-12-07 15:24:34;2025-12-07 15:24:34;;0;Também na menor
411;goma molhad parceria;7898947188584;5,7;5;;;0;UN;;1;2025-12-08 20:50:18;2025-12-08 20:50:18;;0;Também na menor
412;goma molhad d 500g;7898113940305;3,3;2,5;;;0;UN;;1;2025-12-08 20:51:39;2025-12-08 20:51:39;;0;Também na menor
413;cereal kitkat cx;7891000394939;12;9,5;;;0;UN;;1;2025-12-08 20:54:06;2025-12-08 20:54:06;;0;Também na menor
414;cereal kit kat sache;7891000396919;6;4,5;;;0;UN;;1;2025-12-08 20:55:15;2025-12-08 20:55:15;;0;Também na menor
415;sucrilhos sache 110g;7896004007632;6;4,5;Outros;;0;UN;;1;2025-12-08 20:57:48;2025-12-08 20:57:48;;0;Também na menor
416;mac danado d bom;602883656703;2,5;2;;;0;UN;;1;2025-12-08 20:58:51;2025-12-08 20:58:51;;0;Também na menor
417;mac coracao nordetin;602883656642;2,5;2;;;0;UN;;1;2025-12-08 21:01:14;2025-12-08 21:01:14;;0;Também na menor
418;sal rosa 500g;070341120408;7;5;;;0;UN;;1;2025-12-08 21:02:30;2025-12-08 21:02:30;;0;Também na menor
419;sal groso;7896113380213;2;1;;;0;UN;;1;2025-12-08 21:04:34;2025-12-08 21:04:34;;0;Também na menor
420;mac gostoso;7896264670942;3,4;2,3;;;0;UN;;1;2025-12-08 21:05:46;2025-12-08 21:05:46;;0;Também na menor
421;mac fortaleza;7891152802078;4;3,5;Outros;;0;UN;;1;2025-12-08 21:06:56;2025-12-08 21:06:56;;0;Também na menor
422;mac richester;7891152802122;4,3;3,7;;;0;UN;;1;2025-12-08 21:09:16;2025-12-08 21:09:16;;0;Também na menor
423;mac bom sabor;7898230897667;2,9;2,1;;;0;UN;;1;2025-12-08 21:10:52;2025-12-08 21:10:52;;0;Também na menor
424;bisc ericaamantegad;7898079560012;6,5;5;;;0;UN;;1;2025-12-08 21:12:34;2025-12-08 21:12:34;;0;Também na menor
425;bic erica cebolinha;7898079560043;6,5;5;;;0;UN;;1;2025-12-08 21:15:28;2025-12-08 21:15:28;;0;Também na menor
426;bic erica esp alho;7898079560111;7;6;;;0;UN;;1;2025-12-08 21:16:26;2025-12-08 21:16:26;;0;Também na menor
427;bisc erica esp manteiga;7898079560289;7;6;;;0;UN;;1;2025-12-08 21:17:33;2025-12-08 21:17:33;;0;Também na menor
428;bisc erica esp cebolinha;7898079560203;7;6;;;0;UN;;1;2025-12-08 21:18:45;2025-12-08 21:18:45;;0;Também na menor
429;torrada bauducco 142g;7891962053196;8,2;6,5;;;0;UN;;1;2025-12-08 21:20:10;2025-12-08 21:20:10;;0;Também na menor
430;crem cracker bauducco 165g;7891962075235;4,3;3,3;;;0;UN;;1;2025-12-08 21:22:23;2025-12-08 21:22:23;;0;Também na menor
431;club social integral;7622300992293;6,2;5,5;;;0;UN;;1;2025-12-08 23:28:18;2025-12-08 23:28:18;;0;Também na menor
432;club social recheado tomate;7622210661609;6,2;5;;;0;UN;;1;2025-12-08 23:30:18;2025-12-08 23:30:18;;0;Também na menor
433;club social recheado requeijao;7622210661661;6,2;5;;;0;UN;;1;2025-12-08 23:31:36;2025-12-08 23:31:36;;0;Também na menor
434;rosquinha fortal coco;7891152801729;5,5;4,7;;;0;UN;;1;2025-12-08 23:34:15;2025-12-08 23:34:15;;0;Também na menor
435;rosquinha fortal chocolate;7891152801712;5,5;4,3;;;0;UN;;1;2025-12-08 23:36:30;2025-12-08 23:36:30;;0;Também na menor
436;rosquinha estrela chocolat;7896264670997;4,9;3,8;;;0;UN;;1;2025-12-08 23:37:48;2025-12-08 23:37:48;;0;Também na menor
437;cereal nescal 120g sache;7891000070673;6;5;;;0;UN;;1;2025-12-08 23:40:44;2025-12-08 23:40:44;;0;Também na menor
438;mini rainha maizen;7898246080367;4,3;3,5;;;0;UN;;1;2025-12-08 23:41:36;2025-12-08 23:41:36;;0;Também na menor
439;mini rainha leite;7898246080350;4,3;3,5;;;0;UN;;1;2025-12-08 23:42:30;2025-12-08 23:42:30;;0;Também na menor
440;mini rainha craquer;7898246080381;4,3;3,5;;;0;UN;;1;2025-12-08 23:43:49;2025-12-08 23:43:49;;0;Também na menor
441;clube social orig;7622300990701;6,2;6;;;0;UN;;1;2025-12-10 14:08:00;2025-12-10 14:08:00;;0;Também na menor
442;mac. petybom;7897721411887;13;13;;;0;UN;;1;2025-12-10 14:15:17;2025-12-10 14:15:17;;0;Também na menor
443;mac. parafuso coraç nordest;602883656680;4,5;4;;;0;UN;;1;2025-12-10 14:21:39;2025-12-10 14:21:39;;0;Também na menor
444;lazanha estrel;7896264601410;10;10;;;0;UN;;1;2025-12-10 14:34:07;2025-12-10 14:34:07;;0;Também na menor
445;mac. ninho estre;7896264671031;4,9;3,9;Outros;;0;UN;;1;2025-12-10 14:37:05;2025-12-10 14:37:05;;0;Também na menor
446;"batat palha rupper&#x27;s";7898952172257;6,2;6;;;0;UN;;1;2025-12-10 15:07:36;2025-12-10 15:07:36;;0;Também na menor
447;salt bis manteiga;7898079560340;2,8;2;Outros;;0;UN;;1;2025-12-10 15:26:33;2025-12-10 15:26:33;;0;Também na menor
448;MAC. búizo fortal;7891152802184;4,9;4;;;0;UN;;1;2025-12-10 15:30:20;2025-12-10 15:30:20;;0;Também na menor
449;frisco limão;7896045112128;1,3;1;;;0;UN;;1;2025-12-10 15:48:11;2025-12-10 15:48:11;;0;Também na menor
450;suc tang;7622210571816;1,3;1;;;0;UN;;1;2025-12-10 16:17:57;2025-12-10 16:17:57;;0;Também na menor
451;frisco abacaxi;7896045112098;1,3;1;;;0;UN;;1;2025-12-10 16:19:24;2025-12-10 16:19:24;;0;Também na menor
452;suco tang morango;7622210571724;1,3;1;;;0;UN;;1;2025-12-10 16:22:09;2025-12-10 16:22:09;;0;Também na menor
453;suco tang uva;7622210571786;1,3;1;;;0;UN;;1;2025-12-10 16:23:17;2025-12-10 16:23:17;;0;Também na menor
454;suco frisco goiaba;7896045112456;1,3;1;;;0;UN;;1;2025-12-10 16:24:23;2025-12-10 16:24:23;;0;Também na menor
455;suco frisco maracuja;7896045112135;1,3;1;;;0;UN;;1;2025-12-10 16:25:31;2025-12-10 16:25:31;;0;Também na menor
456;suco marata manga;7898617581400;1;0,9;;;0;UN;;1;2025-12-10 16:27:26;2025-12-10 16:27:26;;0;Também na menor
457;suco marata tangerina;7898617581448;1;0,9;;;0;UN;;1;2025-12-10 16:31:16;2025-12-10 16:31:16;;0;Também na menor
458;suco marata salada de frutas;7898617581431;1;0,9;;;0;UN;;1;2025-12-10 16:33:26;2025-12-10 16:33:26;;0;Também na menor
459;gelatina apti franboesa;7896327516163;2,5;2;;;0;UN;;1;2025-12-10 16:48:06;2025-12-10 16:48:06;;0;Também na menor
460;gelatina tuti-fruti;7896327516170;2,5;2;;;0;UN;;1;2025-12-10 16:49:41;2025-12-10 16:49:41;;0;Também na menor
461;gelatina apti maracujá;7896327516187;2,5;2;;;0;UN;;1;2025-12-10 16:52:08;2025-12-10 16:52:08;;0;Também na menor
462;feijão carioca;7898994336532;6,8;6;;;0;UN;;1;2025-12-10 17:18:36;2025-12-10 17:18:36;;0;Também na menor
463;NB feijão branc;7898929056023;7;5;;;0;UN;;1;2025-12-10 17:26:47;2025-12-10 17:26:47;;0;Também na menor
464;soja itaguari;7898365320443;4,8;4;;;0;UN;;1;2025-12-10 18:29:33;2025-12-10 18:29:33;;0;Também na menor
465;feijâo carioca dona dê;7898922012019;6,8;6;;;0;UN;;1;2025-12-10 18:52:24;2025-12-10 18:52:24;;0;Também na menor
466;farinha amarela realeza;7898904644207;4,8;4,8;;;0;UN;;1;2025-12-10 18:54:38;2025-12-10 18:54:38;;0;Também na menor
467;cuzcus coringa;7896481130229;2;2;;;0;UN;;1;2025-12-10 18:57:30;2025-12-10 18:57:30;;0;Também na menor
468;vitamilho;7898366930016;2;2;;;0;UN;;1;2025-12-10 18:59:28;2025-12-10 18:59:28;;0;Também na menor
469;farin. dena maria C\F;7896248500029;4,7;4,7;;;0;UN;;1;2025-12-10 19:02:23;2025-12-10 19:02:23;;0;Também na menor
470;dona maria S\F;7896248500012;4,4;4,4;;;0;UN;;1;2025-12-10 19:08:02;2025-12-10 19:08:02;;0;Também na menor
471;floc. dona clara;7896490288775;2,3;2;;;0;UN;;1;2025-12-10 19:09:46;2025-12-10 19:09:46;;0;Também na menor
472;floc parceria;7898926342808;1,8;1;;;0;UN;;1;2025-12-10 19:10:44;2025-12-10 19:10:44;;0;Também na menor
473;farofa yoki;7891095911486;8,8;7;;;0;UN;;1;2025-12-10 19:47:07;2025-12-10 19:47:07;;0;Também na menor
474;goma amafil;7896035941042;5,7;5,7;;;0;UN;;1;2025-12-10 19:49:34;2025-12-10 19:49:34;;0;Também na menor
475;mac parafuso fortal;7891152802153;4,9;4;;;0;UN;;1;2025-12-10 19:56:51;2025-12-10 19:56:51;;0;Também na menor
476;bisc. renata chocolate;7896022204624;7,5;7;;;0;UN;;1;2025-12-10 20:05:20;2025-12-10 20:05:20;;0;Também na menor
477;BISC RENATA COCO;7896022204631;7,5;7;;;0;UN;;1;2025-12-10 20:06:37;2025-12-10 20:06:37;;0;Também na menor
478;bisc de leite fortal;7891152802382;7,5;7;;;0;UN;;1;2025-12-10 20:13:10;2025-12-10 20:13:10;;0;Também na menor
479;salt bis cebola;7898079560302;2,8;2;;;0;UN;;1;2025-12-10 20:18:16;2025-12-10 20:18:16;;0;Também na menor
480;bisc. renata leite;7896022204648;7,5;7;;;0;UN;;1;2025-12-10 20:33:51;2025-12-10 20:33:51;;0;Também na menor
481;bolachita;7896264601434;4,8;4;;;0;UN;;1;2025-12-10 20:44:48;2025-12-10 20:44:48;;0;Também na menor
482;coquerito coco;7896264601854;4,8;4;;;0;UN;;1;2025-12-10 20:48:53;2025-12-10 20:48:53;;0;Também na menor
483;bisc coquinho;7897624110436;4,8;4;;;0;UN;;1;2025-12-10 20:55:34;2025-12-10 20:55:34;;0;Também na menor
484;sol hits;7896005217474;3,3;2;;;0;UN;;1;2025-12-10 21:07:02;2025-12-10 21:07:02;;0;Também na menor
485;salt bis alho;7898079560326;2,8;2;;;0;UN;;1;2025-12-10 21:12:08;2025-12-10 21:12:08;;0;Também na menor
486;delicinha;7897624110344;4,8;4;;;0;UN;;1;2025-12-10 21:13:39;2025-12-10 21:13:39;;0;Também na menor
487;bolacha papel água e sal;1010400002879;6;4;;;0;UN;;1;2025-12-10 21:15:33;2025-12-10 21:15:33;;0;Também na menor
488;kitano sopão carn;7891095003945;8,5;8,5;;;0;UN;;1;2025-12-10 21:17:45;2025-12-10 21:17:45;;0;Também na menor
489;sopão carn de panl;7891000097694;9,8;9,8;;;0;UN;;1;2025-12-10 21:18:36;2025-12-10 21:18:36;;0;Também na menor
490;cuo noodles costela;7891079013083;5;5;;;0;UN;;1;2025-12-10 21:20:14;2025-12-10 21:20:14;;0;Também na menor
491;cup noodles queijo nacho;7891079013984;5;5;;;0;UN;;1;2025-12-10 21:21:09;2025-12-10 21:21:09;;0;Também na menor
492;agua oxigenada vol 10;7896902211544;3,2;2,5;;;0;UN;;1;2025-12-11 11:18:50;2025-12-11 11:18:50;;0;Também na menor
493;kolene 300 ml;7891176113044;10,3;7,9;;;0;UN;;1;2025-12-11 11:27:18;2025-12-11 11:27:18;;0;Também na menor
494;kolene 500 ml;7891176113068;16;12,5;;;0;UN;;1;2025-12-11 11:28:45;2025-12-11 11:28:45;;0;Também na menor
495;cond palmolive kids cacheado;7891024174685;20;16,5;;;0;UN;;1;2025-12-11 11:46:14;2025-12-11 11:46:14;;0;Também na menor
496;cond palmolive kids t cabelo;7891024174630;20;16,5;;;0;UN;;1;2025-12-11 11:47:41;2025-12-11 11:47:41;;0;Também na menor
497;sha palmolive kids cacheado;7891024174180;16;12,9;Outros;;0;UN;;1;2025-12-11 11:50:14;2025-12-11 11:50:14;;0;Também na menor
498;sha palmolive kids t dia;7891024174135;16;12,9;;;0;UN;;1;2025-12-11 11:56:56;2025-12-11 11:56:56;;0;Também na menor
499;colonia xero aconche;7898416830211;16,5;13;;;0;UN;;1;2025-12-11 12:04:53;2025-12-11 12:04:53;;0;Também na menor
500;colonia xero linda;7898416830204;16,5;13;;;0;UN;;1;2025-12-11 12:05:41;2025-12-11 12:05:41;;0;Também na menor
501;colonia xero arretada;7898416830198;16,5;13;;;0;UN;;1;2025-12-11 12:06:35;2025-12-11 12:06:35;;0;Também na menor
502;colonia xero chamego;7898416830181;16,5;13;;;0;UN;;1;2025-12-11 12:07:30;2025-12-11 12:07:30;;0;Também na menor
503;colonia xero dengo;7898416830228;6,5;13;;;0;UN;;1;2025-12-11 12:11:08;2025-12-11 12:11:08;;0;Também na menor
504;colonia paris passion;7897161326031;16;12,9;;;0;UN;;1;2025-12-11 13:05:03;2025-12-11 13:05:03;;0;Também na menor
505;colonia paris  francesa;7897161326048;16;12,9;;;0;UN;;1;2025-12-11 13:05:49;2025-12-11 13:05:49;;0;Também na menor
506;colonia paris paris;7897161326017;16;12,9;;;0;UN;;1;2025-12-11 13:12:16;2025-12-11 13:12:16;;0;Também na menor
1202;activia cafe da manha linhaça;7891025117742;6,5;6;Açougue;;0;UN;;1;2025-12-21 21:06:22;2025-12-21 21:06:22;0338;0;Só na maior
508;hid mor e melancia;7898752300904;14,5;11;;;0;UN;;1;2025-12-11 16:06:55;2025-12-11 16:06:55;;0;Também na menor
509;hid fattore  bau e pessego;7898752300898;14,5;11;;;0;UN;;1;2025-12-11 16:09:27;2025-12-11 16:09:27;;0;Também na menor
510;hid fattore rosa mos e amora;7898752300911;14,5;12;;;0;UN;;1;2025-12-11 16:10:56;2025-12-11 16:10:56;;0;Também na menor
511;sab liq moang flor de lavanda;7896235353973;10;9;;;0;UN;;1;2025-12-11 16:18:05;2025-12-11 16:18:05;;0;Também na menor
512;sh c dourado quimico trat;7898610070932;15;14;;;0;UN;;1;2025-12-11 16:22:25;2025-12-11 16:22:25;;0;Também na menor
513;sh c dourado neutro;7898610070949;15;14;;;0;UN;;1;2025-12-11 16:26:36;2025-12-11 16:26:36;;0;Também na menor
514;sh c dourado argan;7898610077054;15;14;;;0;UN;;1;2025-12-11 16:27:41;2025-12-11 16:27:41;;0;Também na menor
515;sh c dourado babosa;7898610077047;15;14;;;0;UN;;1;2025-12-11 16:28:37;2025-12-11 16:28:37;;0;Também na menor
516;sab granado glicerina sache;7896512922373;19;18;;;0;UN;;1;2025-12-11 16:34:31;2025-12-11 16:34:31;;0;Também na menor
517;sab granado calêndula;7896512959843;19;14;;;0;UN;;1;2025-12-11 16:42:57;2025-12-11 16:42:57;;0;Também na menor
518;sab granado lavanda;7896512922472;19;15;;;0;UN;;1;2025-12-11 16:44:47;2025-12-11 16:44:47;;0;Também na menor
519;gel fixador aline;7897161347012;7;6;;;0;UN;;1;2025-12-11 16:54:23;2025-12-11 16:54:23;;0;Também na menor
520;gel fixador aline 5;7897161347050;7;6;;;0;UN;;1;2025-12-11 16:58:46;2025-12-11 16:58:46;;0;Também na menor
521;gel fixador aline 2;7897161347029;7;6;;;0;UN;;1;2025-12-11 16:59:44;2025-12-11 16:59:44;;0;Também na menor
522;gel fixador aline 3;7897161347036;7;6;;;0;UN;;1;2025-12-11 17:00:31;2025-12-11 17:00:31;;0;Também na menor
523;kit animal  x10;7899605733528;10;9;;;0;UN;;1;2025-12-11 17:06:07;2025-12-11 17:06:07;;0;Também na menor
524;kit animal;7899605711878;8;7;;;0;UN;;1;2025-12-11 17:08:55;2025-12-11 17:08:55;;0;Também na menor
525;kit dinossauro;7899605718877;8;7;;;0;UN;;1;2025-12-11 17:12:20;2025-12-11 17:12:20;;0;Também na menor
526;dinossauro maluco;7899958246157;10;9;;;0;UN;;1;2025-12-11 17:15:49;2025-12-11 17:15:49;;0;Também na menor
527;brinquedo maluco;7899958246270;10;9;;;0;UN;;1;2025-12-11 17:17:43;2025-12-11 17:17:43;;0;Também na menor
528;sab vis nativa  coco;7898339464371;10;9;;;0;UN;;1;2025-12-11 17:19:11;2025-12-11 17:19:11;;0;Também na menor
529;sab vis nativa pitanga;7898339464388;10;9;;;0;UN;;1;2025-12-11 17:20:11;2025-12-11 17:20:11;;0;Também na menor
530;sab vis native;7898339464364;10;9;;;0;UN;;1;2025-12-11 17:25:13;2025-12-11 17:25:13;;0;Também na menor
531;brinquedo trem;7892024246730;10;9;;;0;UN;;1;2025-12-11 17:27:45;2025-12-11 17:27:45;;0;Também na menor
532;brinquedo carro fricçao;7899958245747;12;10;;;0;UN;;1;2025-12-11 17:29:06;2025-12-11 17:29:06;;0;Também na menor
533;brinquedo special;7892023242696;12;10;;;0;UN;;1;2025-12-11 17:30:24;2025-12-11 17:30:24;;0;Também na menor
534;brinq special;7892023242634;12;11;;;0;UN;;1;2025-12-11 17:31:09;2025-12-11 17:31:09;;0;Também na menor
535;kit carros;7908752909080;10;9;;;0;UN;;1;2025-12-11 17:35:31;2025-12-11 17:35:31;;0;Também na menor
536;kit carros police;7908752909097;10;9;;;0;UN;;1;2025-12-11 17:36:28;2025-12-11 17:36:28;;0;Também na menor
537;kit cozinha;7899958223752;8;7;;;0;UN;;1;2025-12-11 17:38:50;2025-12-11 17:38:50;;0;Também na menor
538;kit cozinha 1;7897070230283;8;6;;;0;UN;;1;2025-12-11 17:39:55;2025-12-11 17:39:55;;0;Também na menor
539;cond aline babosa;7897161314076;11,5;10;;;0;UN;;1;2025-12-11 17:45:56;2025-12-11 17:45:56;;0;Também na menor
540;cond aline kids abacate;7897161314014;11,5;11;;;0;UN;;1;2025-12-11 17:46:47;2025-12-11 17:46:47;;0;Também na menor
541;cond aline kids oleo de coco;7897161314045;11,5;10;;;0;UN;;1;2025-12-11 17:48:02;2025-12-11 17:48:02;;0;Também na menor
542;leite coco  500ml;7893590813722;6;5;;;0;UN;;1;2025-12-11 17:49:17;2025-12-11 17:49:17;;0;Também na menor
543;kit feijoada RN;7898914001069;7;6;;;0;UN;;1;2025-12-11 17:51:34;2025-12-11 17:51:34;;0;Também na menor
544;lavanda dinno baby 200ml;7898752300713;19;19;;;0;UN;;1;2025-12-11 18:00:53;2025-12-11 18:00:53;;0;Também na menor
545;crem corp dourad potao;7898610078358;12;9;;;0;UN;;1;2025-12-11 19:24:46;2025-12-11 19:24:46;;0;Também na menor
546;crem corpo dourd coco;7898610078372;12;9;;;0;UN;;1;2025-12-11 19:25:37;2025-12-11 19:25:37;;0;Também na menor
547;crem corpo dourad pistache;7898933676903;12;9;;;0;UN;;1;2025-12-11 19:26:28;2025-12-11 19:26:28;;0;Também na menor
548;vela perf tulipa;7891035000270;5,5;4;;;0;UN;;1;2025-12-11 20:09:46;2025-12-11 20:09:46;;0;Também na menor
549;veja perf flores;7891035249228;5,5;4;;;0;UN;;1;2025-12-11 20:10:45;2025-12-11 20:10:45;;0;Também na menor
550;veja perf nilo;7891035002588;5,5;4;;;0;UN;;1;2025-12-11 20:11:37;2025-12-11 20:11:37;;0;Também na menor
551;bis fort sortido;7891152321296;5,7;4,3;;;0;UN;;1;2025-12-11 20:13:15;2025-12-11 20:13:15;;0;Também na menor
552;bis fort petti;7891152321517;6;5;;;0;UN;;1;2025-12-11 20:14:28;2025-12-11 20:14:28;;0;Também na menor
553;bisc fort coco;7891152321326;5,7;5;;;0;UN;;1;2025-12-11 20:16:06;2025-12-11 20:16:06;;0;Também na menor
554;bisc fort leit;7891152321319;5,7;4;;;0;UN;;1;2025-12-11 20:17:40;2025-12-11 20:17:40;;0;Também na menor
555;vanish branco 500ml;7891035040436;11;9;;;0;UN;;1;2025-12-11 20:20:44;2025-12-11 20:20:44;;0;Também na menor
556;limpol d limao;7891022637007;2,4;1,8;;;0;UN;;1;2025-12-11 20:21:51;2025-12-11 20:21:51;;0;Também na menor
557;bisc estrel coco;7896264601403;4,8;3,8;;;0;UN;;1;2025-12-11 20:23:44;2025-12-11 20:23:44;;0;Também na menor
558;bics richesrt triplo;7891152801965;2,7;2;;;0;UN;;1;2025-12-11 20:27:40;2025-12-11 20:27:40;;0;Também na menor
559;bisc richesrt pipoca;7891152802597;2,7;2;;;0;UN;;1;2025-12-11 20:28:34;2025-12-11 20:28:34;;0;Também na menor
560;bisc richesrt limao;7891152801972;2,7;2;;;0;UN;;1;2025-12-11 20:29:45;2025-12-11 20:29:45;;0;Também na menor
561;bisct richesrt chocolate;7891152801781;2,7;2;;;0;UN;;1;2025-12-11 20:30:53;2025-12-11 20:30:53;;0;Também na menor
562;bisc richesrt floresta neg;7891152801828;2,7;2;;;0;UN;;1;2025-12-11 20:31:56;2025-12-11 20:31:56;;0;Também na menor
563;bic cocktail;7891152121032;4,8;3,2;;;0;UN;;1;2025-12-11 20:34:26;2025-12-11 20:34:26;;0;Também na menor
564;bisc piraq maltad;7896024760289;4,5;3,5;;;0;UN;;1;2025-12-11 20:38:01;2025-12-11 20:38:01;;0;Também na menor
565;bisc piraq malt  black;7896024761811;4,5;3,5;;;0;UN;;1;2025-12-11 20:39:13;2025-12-11 20:39:13;;0;Também na menor
566;limpol perf lavanda;7891022860870;5,3;4,3;;;0;UN;;1;2025-12-11 20:41:13;2025-12-11 20:41:13;;0;Também na menor
567;limpol perf luxury;7891022867794;5,3;4,3;;;0;UN;;1;2025-12-11 20:44:07;2025-12-11 20:44:07;;0;Também na menor
568;limpol perf passion;7891022860887;5,3;4,3;;;0;UN;;1;2025-12-11 20:45:16;2025-12-11 20:45:16;;0;Também na menor
569;limpol perf jardin;7891022860863;5,3;4,3;;;0;UN;;1;2025-12-11 20:46:32;2025-12-11 20:46:32;;0;Também na menor
570;limpol perf flowers;7891022860856;5,3;4,3;;;0;UN;;1;2025-12-11 20:48:01;2025-12-11 20:48:01;;0;Também na menor
571;desinf urca lavanda 2lt;7896056405684;7;4,3;Outros;;0;UN;;1;2025-12-11 20:50:26;2025-12-11 20:50:26;;0;Também na menor
572;desinf urca flor 2lt;7896056401549;7;5,2;;;0;UN;;1;2025-12-11 20:53:23;2025-12-11 20:53:23;;0;Também na menor
573;DESINF URCA PINHO;7896056401044;7;5,3;;;0;UN;;1;2025-12-11 20:57:21;2025-12-11 20:57:21;;0;Também na menor
574;SKALA MORANGO 1KG;7897042019328;12;10;;;0;UN;;1;2025-12-11 20:59:48;2025-12-11 20:59:48;;0;Também na menor
575;SKALA DIVINO POTAO;7897042007226;12;10;;;0;UN;;1;2025-12-11 21:00:50;2025-12-11 21:00:50;;0;Também na menor
576;skala glicolico 1kg;7897042016907;12;10;;;0;UN;;1;2025-12-11 21:01:55;2025-12-11 21:01:55;;0;Também na menor
577;skala uva 1kg;7897042019311;12;10;;;0;UN;;1;2025-12-11 21:02:47;2025-12-11 21:02:47;;0;Também na menor
578;skala abacate 1kg;7897042005048;12;10;;;0;UN;;1;2025-12-11 21:03:25;2025-12-11 21:03:25;;0;Também na menor
579;crem crack richesrt;7891152801521;6,8;6;;;0;UN;;1;2025-12-11 21:05:10;2025-12-11 21:05:10;;0;Também na menor
580;bisc maiz chocolate;7891152801477;7,3;6,5;;;0;UN;;1;2025-12-11 21:06:33;2025-12-11 21:06:33;;0;Também na menor
581;bisc maizen leite;7891152801484;7,3;6,3;;;0;UN;;1;2025-12-11 21:07:23;2025-12-11 21:07:23;;0;Também na menor
582;bisc maria chocolat;7891152801590;7,3;6,3;;;0;UN;;1;2025-12-11 21:08:28;2025-12-11 21:08:28;;0;Também na menor
583;bisc maria tradicio;7891152801583;7,3;6,3;;;0;UN;;1;2025-12-11 21:09:18;2025-12-11 21:09:18;;0;Também na menor
584;crem cracke fort legit;7891152801446;5,4;4;;;0;UN;;1;2025-12-11 21:10:56;2025-12-11 21:10:56;;0;Também na menor
585;sonho passa facil;7896013103127;3,5;2;;;0;UN;;1;2025-12-11 21:17:09;2025-12-11 21:17:09;;0;Também na menor
586;sonho magio 500 ml;7896013103585;3,5;2;;;0;UN;;1;2025-12-11 21:18:28;2025-12-11 21:18:28;;0;Também na menor
587;doce d leite barr 200g;736532097989;3,5;1,8;;;0;UN;;1;2025-12-11 21:20:34;2025-12-11 21:20:34;;0;Também na menor
588;rapadura pret 400g;7897144000590;5;3,5;;;0;UN;;1;2025-12-11 21:21:48;2025-12-11 21:21:48;;0;Também na menor
589;doce d goiaba barra 300g;7898111861008;3,5;1,8;;;0;UN;;1;2025-12-11 21:23:33;2025-12-11 21:23:33;;0;Também na menor
590;cocadao branco;7898953777024;6,7;5,5;;;0;UN;;1;2025-12-11 21:32:50;2025-12-11 21:32:50;;0;Também na menor
591;cocadao preto;7898953777017;6,7;5;;;0;UN;;1;2025-12-11 21:33:57;2025-12-11 21:33:57;;0;Também na menor
592;cocadao preto 2;7891575317548;6,7;5;;;0;UN;;1;2025-12-11 21:34:30;2025-12-11 21:34:30;;0;Também na menor
593;bis amanteigado erika pote;7898079560371;3,6;2,5;;;0;UN;;1;2025-12-11 21:36:15;2025-12-11 21:36:15;;0;Também na menor
594;aveia quaker flocos;7892840815752;4,8;3;;;0;UN;;1;2025-12-11 21:37:25;2025-12-11 21:37:25;;0;Também na menor
595;aveia quaker flocos finos;7892840815769;4,8;3;;;0;UN;;1;2025-12-11 21:38:32;2025-12-11 21:38:32;;0;Também na menor
596;farinha yoki;7891095028351;4,5;3,3;;;0;UN;;1;2025-12-11 21:39:38;2025-12-11 21:39:38;;0;Também na menor
597;aveia flocos yoki;7891095028344;4,5;3,3;;;0;UN;;1;2025-12-11 21:41:22;2025-12-11 21:41:22;;0;Também na menor
598;aveia flocos fino yoki;7891095028337;4,5;3,3;;;0;UN;;1;2025-12-11 21:42:11;2025-12-11 21:42:11;;0;Também na menor
599;bolinh animados morango;7891152342031;2;1,3;;;0;UN;;1;2025-12-11 21:46:57;2025-12-11 21:46:57;;0;Também na menor
600;bolinho animad brigadeiro;7891152342123;2;1,3;;;0;UN;;1;2025-12-11 21:47:49;2025-12-11 21:47:49;;0;Também na menor
601;bolinho anim ad baunilha;7891152342017;2;1,3;;;0;UN;;1;2025-12-11 21:48:50;2025-12-11 21:48:50;;0;Também na menor
602;bic bauducco ao leite;7891962056500;7,2;6;;;0;UN;;1;2025-12-11 21:52:02;2025-12-11 21:52:02;;0;Também na menor
603;fazendinha ao leite;7896061300271;2,9;1,8;;;0;UN;;1;2025-12-11 21:58:32;2025-12-11 21:58:32;;0;Também na menor
604;animados z quadrado morango40g;7891152800135;1,5;1;Outros;;0;UN;;1;2025-12-11 22:05:39;2025-12-11 22:05:39;;0;Também na menor
605;recheado p escureto;7891152801910;1,4;1;;;0;UN;;1;2025-12-11 22:14:17;2025-12-11 22:14:17;;0;Também na menor
606;recheado p norango;7891152801903;1,4;1;;;0;UN;;1;2025-12-11 22:15:30;2025-12-11 22:15:30;;0;Também na menor
607;bisc cookies chocolate;7891962054476;3;1,8;;;0;UN;;1;2025-12-11 22:20:22;2025-12-11 22:20:22;;0;Também na menor
608;corante amarela;7898407506729;14;10;;;0;UN;;1;2025-12-11 22:21:36;2025-12-11 22:21:36;;0;Também na menor
609;animados z quadrado grande;7891152340419;3,2;2;;;0;UN;;1;2025-12-11 22:24:12;2025-12-11 22:24:12;;0;Também na menor
610;tucs bacon;7896061301339;2,7;1,8;;;0;UN;;1;2025-12-11 22:25:56;2025-12-11 22:25:56;;0;Também na menor
611;tucs cebola;7896061302749;2,7;1,8;;;0;UN;;1;2025-12-11 22:27:12;2025-12-11 22:27:12;;0;Também na menor
612;animados z sem recheio ao leite;7891152800517;4,2;3,5;;;0;UN;;1;2025-12-11 22:30:33;2025-12-11 22:30:33;;0;Também na menor
613;recheado chocolate p;7891152801897;1,5;1;;;0;UN;;1;2025-12-11 22:31:48;2025-12-11 22:31:48;;0;Também na menor
614;recheado rich m chocolate;7891152801866;2;1,4;;;0;UN;;1;2025-12-11 22:32:58;2025-12-11 22:32:58;;0;Também na menor
615;recheado rich m escureto;7891152801880;2;1,4;;;0;UN;;1;2025-12-11 22:34:19;2025-12-11 22:34:19;;0;Também na menor
616;recheado m richesrt morango;7891152801873;2;1,5;;;0;UN;;1;2025-12-11 22:37:36;2025-12-11 22:37:36;;0;Também na menor
617;animados z wafer morango p;7891152340235;1,5;1;;;0;UN;;1;2025-12-11 22:40:06;2025-12-11 22:40:06;;0;Também na menor
618;arroizina;7891150068285;5,5;3,9;Outros;;0;UN;;1;2025-12-11 22:41:13;2025-12-11 22:41:13;;0;Também na menor
619;maizena;7891150055070;4,5;3,8;;;0;UN;;1;2025-12-11 22:41:54;2025-12-11 22:41:54;;0;Também na menor
620;lasanha m pronta galo;7896022203870;7;6;;;0;UN;;1;2025-12-11 22:44:12;2025-12-11 22:44:12;;0;Também na menor
621;bis do sertao;609963315543;5,8;5;;;0;UN;;1;2025-12-11 22:51:33;2025-12-11 22:51:33;;0;Também na menor
622;panelaço parboilzdo;7897172500208;4;2;;;0;UN;;1;2025-12-12 09:04:33;2025-12-12 09:04:33;;0;Também na menor
623;itaguary branco;7898365320030;4;2;;;0;UN;;1;2025-12-12 09:06:11;2025-12-12 09:06:11;;0;Também na menor
624;itaguary parboilizado;7898365320016;3,3;2;Outros;;0;UN;;1;2025-12-12 09:07:30;2025-12-12 09:07:30;;0;Também na menor
625;paneaço branco;7897172500116;4;4;;;0;UN;;1;2025-12-12 09:17:58;2025-12-12 09:17:58;;0;Também na menor
626;bis amori;7891152801217;6;4;;;0;UN;;1;2025-12-12 09:21:24;2025-12-12 09:21:24;;0;Também na menor
627;cappuchino;7896005802397;2,5;2;;;0;UN;;1;2025-12-12 09:37:28;2025-12-12 09:37:28;;0;Também na menor
628;santa clara 40g;7896045112968;6;5;Outros;;0;UN;;1;2025-12-12 09:40:55;2025-12-12 09:40:55;;0;Também na menor
629;satna clara torrad 250g;7896224814126;17;17;Outros;;0;UN;;1;2025-12-12 09:45:19;2025-12-12 09:45:19;;0;Também na menor
630;panettone mini bauducco;7891962072623;8,5;7;Outros;;0;UN;;1;2025-12-12 09:46:49;2025-12-12 09:46:49;;0;Também na menor
631;waffer escureto amori;7891152801378;2,3;2,3;;;0;UN;;1;2025-12-12 09:53:43;2025-12-12 09:53:43;;0;Também na menor
632;waffer morango amori;7891152801330;2,3;2,3;;;0;UN;;1;2025-12-12 09:54:43;2025-12-12 09:54:43;;0;Também na menor
633;waffer de limão amori;7891152801354;2,3;2,3;;;0;UN;;1;2025-12-12 09:58:05;2025-12-12 09:58:05;;0;Também na menor
634;waffer chocolate amori;7891152801323;2,3;2,3;;;0;UN;;1;2025-12-12 10:00:04;2025-12-12 10:00:04;;0;Também na menor
635;granulado chocolate;7898094760770;4;4;;;0;UN;;1;2025-12-12 10:15:40;2025-12-12 10:15:40;;0;Também na menor
636;café marata;7898286200039;16;16;;;0;UN;;1;2025-12-12 10:18:12;2025-12-12 10:18:12;;0;Também na menor
637;Arroz namorado parboilizado;7896079441119;3,9;3,9;;;0;UN;;1;2025-12-12 10:22:01;2025-12-12 10:22:01;;0;Também na menor
638;café puro 250g;7898286200510;15;15;Outros;;0;UN;;1;2025-12-12 10:24:18;2025-12-12 10:24:18;;0;Também na menor
639;café pilão descafeinado;7896089012118;30;30;;;0;UN;;1;2025-12-12 10:27:50;2025-12-12 10:27:50;;0;Também na menor
640;café kimimo 250g;7896224817189;15,5;15;Outros;;0;UN;;1;2025-12-12 10:29:32;2025-12-12 10:29:32;;0;Também na menor
641;achocolatado apti;7896327501053;4;2;;;0;UN;;1;2025-12-12 10:38:21;2025-12-12 10:38:21;;0;Também na menor
642;arroz achei branc;7898907120258;3,3;3,5;Outros;;0;UN;;1;2025-12-12 10:42:22;2025-12-12 10:42:22;;0;Também na menor
643;cevada;7896024801104;11,5;11;;;0;UN;;1;2025-12-12 10:49:02;2025-12-12 10:49:02;;0;Também na menor
644;sant clara cappuchino;7896224800679;16;11,7;Outros;;0;UN;;1;2025-12-12 10:54:33;2025-12-12 10:54:33;;0;Também na menor
645;café união;7891910030453;15,5;15,5;;;0;UN;;1;2025-12-12 10:56:45;2025-12-12 10:56:45;;0;Também na menor
646;café puro 40g;7896089006056;15;15;;;0;UN;;1;2025-12-12 11:16:11;2025-12-12 11:16:11;;0;Também na menor
647;café sant clara 100g;7896224803069;7,5;7,5;;;0;UN;;1;2025-12-12 11:20:56;2025-12-12 11:20:56;;0;Também na menor
648;Oreo;7622300830151;4;4;;;0;UN;;1;2025-12-12 11:22:03;2025-12-12 11:22:03;;0;Também na menor
649;café pilão tradic 250g;7896089012637;17;17;;;0;UN;;1;2025-12-12 11:26:32;2025-12-12 11:26:32;;0;Também na menor
650;santa clara descafeinado 40g;7896045113309;11,5;10;Outros;;0;UN;;1;2025-12-12 11:36:02;2025-12-12 11:36:02;;0;Também na menor
651;nutella p;7898024395232;12;12;;;0;UN;;1;2025-12-12 11:38:33;2025-12-12 11:38:33;;0;Também na menor
652;nutella m;7898024394181;26;26;;;0;UN;;1;2025-12-12 11:39:30;2025-12-12 11:39:30;;0;Também na menor
653;nutella G;7898024396529;42;42;;;0;UN;;1;2025-12-12 11:49:47;2025-12-12 11:49:47;;0;Também na menor
654;bisc nesfit morango;7891000304594;4,5;4,5;;;0;UN;;1;2025-12-12 12:10:18;2025-12-12 12:10:18;;0;Também na menor
655;bisc nesfit cacau;7891000304556;4,5;4,5;;;0;UN;;1;2025-12-12 12:18:29;2025-12-12 12:18:29;;0;Também na menor
656;café supremo 250g;619205429198;10,5;10;;;0;UN;;1;2025-12-12 12:23:24;2025-12-12 12:23:24;;0;Também na menor
657;nescafé extra forte;7891000307120;6;6;;;0;UN;;1;2025-12-12 12:27:35;2025-12-12 12:27:35;;0;Também na menor
658;kimimo 40g;7896045112975;6;5;Outros;;0;UN;;1;2025-12-12 12:33:00;2025-12-12 12:33:00;;0;Também na menor
659;bomb amori carioc;7891330016068;12;12;;;0;UN;;1;2025-12-12 12:42:03;2025-12-12 12:42:03;;0;Também na menor
660;conttonbaby com abas;7896227650158;3,3;3,3;;;0;UN;;1;2025-12-12 12:45:01;2025-12-12 12:45:01;;0;Também na menor
661;leite condensado embaré;7896259423560;4,6;4,6;;;0;UN;;1;2025-12-12 12:56:58;2025-12-12 12:56:58;;0;Também na menor
662;leite profissio 1k;7896051134343;30;30;;;0;UN;;1;2025-12-12 13:03:05;2025-12-12 13:03:05;;0;Também na menor
663;leite betânia;7898403782929;29;29;;;0;UN;;1;2025-12-12 13:09:36;2025-12-12 13:09:36;;0;Também na menor
664;itambé integral 1k;7896051130154;36;36;;;0;UN;;1;2025-12-12 13:12:23;2025-12-12 13:12:23;;0;Também na menor
665;finna mistura para bolo laranja;7896090083107;7,5;7,5;;;0;UN;;1;2025-12-12 13:33:08;2025-12-12 13:33:08;;0;Também na menor
666;cremogema tradicional;7891150068261;4,7;4,7;;;0;UN;;1;2025-12-12 13:40:42;2025-12-12 13:40:42;;0;Também na menor
667;cremogema morango;7891150068308;6,7;5,6;Outros;;0;UN;;1;2025-12-12 13:42:36;2025-12-12 13:42:36;;0;Também na menor
668;cremogema chocolate;7891150068278;5,6;5,6;;;0;UN;;1;2025-12-12 13:46:47;2025-12-12 13:46:47;;0;Também na menor
669;apti mistura de bolo;7896327501398;7,5;7,5;;;0;UN;;1;2025-12-12 13:49:03;2025-12-12 13:49:03;;0;Também na menor
670;farofa mencucimi bacon;7898959688249;8,5;8,5;;;0;UN;;1;2025-12-12 14:12:53;2025-12-12 14:12:53;;0;Também na menor
671;leite condensado mococa;7891030300207;4,6;4,6;;;0;UN;;1;2025-12-12 14:16:40;2025-12-12 14:16:40;;0;Também na menor
672;caixa bombom garoto;7891008116632;14;14;;;0;UN;;1;2025-12-12 14:24:09;2025-12-12 14:24:09;;0;Também na menor
673;bloquinho de doc de leit;7891900763620;6,5;6,5;;;0;UN;;1;2025-12-12 14:26:57;2025-12-12 14:26:57;;0;Também na menor
674;farinha de trig finna;7896090082056;5;5;;;0;UN;;1;2025-12-12 14:40:19;2025-12-12 14:40:19;;0;Também na menor
675;farinha de trigo fina c\f;7896090082070;5,5;5,5;;;0;UN;;1;2025-12-12 14:42:59;2025-12-12 14:42:59;;0;Também na menor
676;bis;7622210575975;6,9;6,9;;;0;UN;;1;2025-12-12 14:44:05;2025-12-12 14:44:05;;0;Também na menor
677;aluays com abas;7500435127226;3,5;3,5;;;0;UN;;1;2025-12-12 14:46:04;2025-12-12 14:46:04;;0;Também na menor
678;atum ralado em oleo;7898943163059;7,5;7;;;0;UN;;1;2025-12-12 16:56:12;2025-12-12 16:56:12;;0;Também na menor
679;atum ralado ao natural;7898943163066;7,5;7;;;0;UN;;1;2025-12-12 17:00:49;2025-12-12 17:00:49;;0;Também na menor
680;tempero edu guedes;7898917576090;3;2;;;0;UN;;1;2025-12-12 17:06:00;2025-12-12 17:06:00;;0;Também na menor
681;tempero tia nega;7898917577547;3;2;;;0;UN;;1;2025-12-12 17:07:23;2025-12-12 17:07:23;;0;Também na menor
682;geleia bom princ goiaba;7897500602543;17;17;;;0;UN;;1;2025-12-12 18:48:03;2025-12-12 18:48:03;;0;Também na menor
683;geleia bom princip amora;7897500607081;17;17;;;0;UN;;1;2025-12-12 18:52:51;2025-12-12 18:52:51;;0;Também na menor
684;geleia princip frutas vermelhas;7897500600167;17;17;;;0;UN;;1;2025-12-12 18:57:56;2025-12-12 18:57:56;;0;Também na menor
685;italac chocky;7898080640963;15;15;;;0;UN;;1;2025-12-12 18:59:33;2025-12-12 18:59:33;;0;Também na menor
686;nescau G 350g;7891000426210;10,5;10,5;;;0;UN;;1;2025-12-12 19:01:39;2025-12-12 19:01:39;;0;Também na menor
687;nescau P 200g;7891000379585;6,3;6,3;;;0;UN;;1;2025-12-12 19:10:51;2025-12-12 19:10:51;;0;Também na menor
688;predilecta geleia de morango;7896292307490;30;30;;;0;UN;;1;2025-12-12 19:12:28;2025-12-12 19:12:28;;0;Também na menor
689;geleia ducopo;7898394321220;15;15;;;0;UN;;1;2025-12-12 19:21:28;2025-12-12 19:21:28;;0;Também na menor
690;paçoca do amor;040232786334;6;6;;;0;UN;;1;2025-12-12 19:42:09;2025-12-12 19:42:09;;0;Também na menor
691;filtro melitta 102;7891021001885;5;5;;;0;UN;;1;2025-12-12 19:50:16;2025-12-12 19:50:16;;0;Também na menor
692;filtro três corações;7896005803721;5,8;5,8;;;0;UN;;1;2025-12-12 19:52:25;2025-12-12 19:52:25;;0;Também na menor
693;geleia de mocotó ello;7898953406313;4,4;4,4;;;0;UN;;1;2025-12-12 19:58:47;2025-12-12 19:58:47;;0;Também na menor
694;junco beijinho;7896523158334;12,5;12,5;;;0;UN;;1;2025-12-12 20:01:41;2025-12-12 20:01:41;;0;Também na menor
695;"açucar olho D&#x27;água";7898994678014;3,3;3,5;Outros;;0;UN;;1;2025-12-12 20:05:36;2025-12-12 20:05:36;;0;Também na menor
696;AÇUCAR MASCAVO;7898926342532;9,7;9,7;;;0;UN;;1;2025-12-12 20:08:13;2025-12-12 20:08:13;;0;Também na menor
697;AÇÚCAR DEMERARA;7898365320009;5,8;5,8;;;0;UN;;1;2025-12-12 20:10:41;2025-12-12 20:10:41;;0;Também na menor
698;açúcar forpan;7898921848039;3,5;3,5;;;0;UN;;1;2025-12-12 20:11:50;2025-12-12 20:11:50;;0;Também na menor
699;linea adoçante;7896001210097;7;7;;;0;UN;;1;2025-12-12 20:15:03;2025-12-12 20:15:03;;0;Também na menor
700;zero cal adoçante;7896094910904;7;7;;;0;UN;;1;2025-12-12 20:18:21;2025-12-12 20:18:21;;0;Também na menor
701;doce de leite camponesa pote;7896259412212;10;10;;;0;UN;;1;2025-12-12 20:20:39;2025-12-12 20:20:39;;0;Também na menor
702;Arroz emoções  parboilizado;7896012300213;4,3;4;Outros;;0;UN;;1;2025-12-12 20:26:01;2025-12-12 20:26:01;;0;Também na menor
703;arroz emoções branc;7896012300916;4,4;4;Outros;;0;UN;;1;2025-12-12 20:30:24;2025-12-12 20:30:24;;0;Também na menor
704;geleia de mocotó natural;7898394321053;5,5;5,5;;;0;UN;;1;2025-12-12 20:33:38;2025-12-12 20:33:38;;0;Também na menor
705;kit dove reconstrução;7891150103771;31;31;;;0;UN;;1;2025-12-12 20:41:52;2025-12-12 20:41:52;;0;Também na menor
706;brinq tools;7899605724267;13;13;;;0;UN;;1;2025-12-12 21:09:39;2025-12-12 21:09:39;;0;Também na menor
707;escova de cab rica oval blue;7897517909222;15;15;;;0;UN;;1;2025-12-12 21:11:01;2025-12-12 21:11:01;;0;Também na menor
708;esc cab escobel redonda nice;7898923148601;10;10;;;0;UN;;1;2025-12-12 21:15:02;2025-12-12 21:15:02;;0;Também na menor
709;esc cab s clara;7897169262515;18;18;;;0;UN;;1;2025-12-12 21:16:41;2025-12-12 21:16:41;;0;Também na menor
710;esc cab grampos anamaria;7897281200778;15;15;;;0;UN;;1;2025-12-12 21:18:43;2025-12-12 21:18:43;;0;Também na menor
1370;acucar cate;7897261800011;3;3,3;Cadastro Rápido;;9;KG;Produto cadastrado via PDV;1;2025-12-27 12:23:41;2025-12-27 12:23:41;0506;0;Só na maior
1382;açucar demerara;7898921848046;5,8;5;Cadastro Rápido;;9;KG;Produto cadastrado via PDV;1;2025-12-27 21:38:40;2025-12-27 21:38:40;0518;0;Só na maior
713;coe e tom 1;7896000705945;14;11,66;;;0;UN;;1;2025-12-12 21:29:05;2025-12-12 21:29:05;;0;Também na menor
714;cor  e ton 4;7896000705976;14;11,66;Outros;;0;UN;;1;2025-12-12 21:30:51;2025-12-12 21:30:51;;0;Também na menor
715;cor e ton 8;7896000706034;14;11,66;Outros;;0;UN;;1;2025-12-12 21:33:04;2025-12-12 21:33:04;;0;Também na menor
716;cor e tom7.1;7896000706065;14;12;;;0;UN;;1;2025-12-12 21:41:33;2025-12-12 21:41:33;;0;Também na menor
717;cor e ton 2;7896000706072;14;12;;;0;UN;;1;2025-12-12 21:46:25;2025-12-12 21:46:25;;0;Também na menor
718;abraçadeira de nylon;7899958258334;6;6;Outros;;0;UN;;1;2025-12-12 21:48:13;2025-12-12 21:48:13;;0;Também na menor
719;tempeiro matuto c ervas;751320026484;3;2;;;0;UN;;1;2025-12-12 21:53:59;2025-12-12 21:53:59;;0;Também na menor
989;açucar sofi;7898945261098;3,3;3;Açougue;;0;UN;Produto cadastrado via PDV;1;2025-12-18 11:02:11;2025-12-18 11:02:11;0125;0;Só na maior
721;molho gourmet;7816940638967;10;8,5;;;0;UN;;1;2025-12-12 22:02:56;2025-12-12 22:02:56;;0;Também na menor
722;esqueiro 150f;6924971300546;3,5;2,5;;;0;UN;;1;2025-12-12 22:04:05;2025-12-12 22:04:05;;0;Também na menor
723;kit tralala vegano;7896115702860;28;24;;;0;UN;;1;2025-12-12 22:08:09;2025-12-12 22:08:09;;0;Também na menor
724;kit tralala azul;7896115703751;28;24;;;0;UN;;1;2025-12-12 22:09:50;2025-12-12 22:09:50;;0;Também na menor
725;kit tralala amarelo;7896115700293;28;24;;;0;UN;;1;2025-12-12 22:11:45;2025-12-12 22:11:45;;0;Também na menor
726;kit talala roxo;7896115700316;28;24;;;0;UN;;1;2025-12-12 22:12:56;2025-12-12 22:12:56;;0;Também na menor
727;animados z macaquinho;7891152341751;4;2,5;;;0;UN;;1;2025-12-12 22:49:44;2025-12-12 22:49:44;;0;Também na menor
728;masanha g fortaleza;7891152333084;10;8;;;0;UN;;1;2025-12-12 22:51:35;2025-12-12 22:51:35;;0;Também na menor
729;fermento royal;7622300119621;4,3;3,3;;;0;UN;;1;2025-12-12 22:53:14;2025-12-12 22:53:14;;0;Também na menor
730;sucrilhos kelloggs;7896004009377;10;8;;;0;UN;;1;2025-12-12 22:54:19;2025-12-12 22:54:19;;0;Também na menor
731;escova de dente colgate;7891024024386;3,9;3,15;;;0;UN;;1;2025-12-13 10:16:40;2025-12-13 10:16:40;;0;Também na menor
732;cereser sidra 660 ml;7896072911145;21;17,45;;;0;UN;;1;2025-12-13 10:19:16;2025-12-13 10:19:16;;0;Também na menor
733;acido muriatico 1lt;7898943124067;3,8;2,7;;;0;UN;;1;2025-12-13 10:39:58;2025-12-13 10:39:58;;0;Também na menor
734;perfex multi;7893458394455;2,8;2;;;0;UN;;1;2025-12-13 10:49:06;2025-12-13 10:49:06;;0;Também na menor
735;papel aluminio g;7898964097135;7,5;5;Outros;;0;UN;;1;2025-12-13 10:51:09;2025-12-13 10:51:09;;0;Também na menor
736;molho shoyu tambau 750 ml;7896945401704;14,5;11;;;0;UN;;1;2025-12-13 11:23:03;2025-12-13 11:23:03;;0;Também na menor
737;quinta do morgado;7896037913146;14;11,7;;;0;UN;;1;2025-12-13 11:26:35;2025-12-13 11:26:35;;0;Também na menor
738;extrato de tomate pomodoro;7896036001431;3;2;;;0;UN;;1;2025-12-13 11:27:47;2025-12-13 11:27:47;;0;Também na menor
739;mucilon arroz e aveia 180g;7891000368145;5,3;4,5;;;0;UN;;1;2025-12-13 11:42:00;2025-12-13 11:42:00;;0;Também na menor
740;mucilon arroz 180g;7891000319628;5,3;4,5;;;0;UN;;1;2025-12-13 11:42:59;2025-12-13 11:42:59;;0;Também na menor
741;mucilon d multicereais 180g;7891000368183;5,3;4,5;;;0;UN;;1;2025-12-13 11:44:55;2025-12-13 11:44:55;;0;Também na menor
742;mucilon milho 180 g;7891000319581;5,3;4,5;;;0;UN;;1;2025-12-13 11:45:36;2025-12-13 11:45:36;;0;Também na menor
743;achocola 3 coracoes 400g;7896224803090;8;6,5;;;0;UN;;1;2025-12-13 12:07:08;2025-12-13 12:07:08;;0;Também na menor
744;itambe zero lactose  desnatadosache 500g;7896051168638;20;17,5;;;0;UN;;1;2025-12-13 12:09:17;2025-12-13 12:09:17;;0;Também na menor
745;granola vegana;7898968331389;7,5;5;;;0;UN;;1;2025-12-13 12:29:37;2025-12-13 12:29:37;;0;Também na menor
746;brigadeiro bom da festa 385;7897259401480;8,8;6;;;0;UN;;1;2025-12-13 12:34:23;2025-12-13 12:34:23;;0;Também na menor
747;farinha laáctea 160g;7891000369340;5,8;3;Outros;;0;UN;;1;2025-12-13 12:37:46;2025-12-13 12:37:46;;0;Também na menor
748;cha real maçã e canela;7896045077809;4,7;2;Outros;;0;UN;;1;2025-12-13 12:40:11;2025-12-13 12:40:11;;0;Também na menor
749;mandiervas chá misto noite;7896722501078;4,7;2;;;0;UN;;1;2025-12-13 13:03:45;2025-12-13 13:03:45;;0;Também na menor
750;beijinho bom da festa;7897259401466;8,8;6;;;0;UN;;1;2025-12-13 13:20:33;2025-12-13 13:20:33;;0;Também na menor
751;amendoin natural 100g;7898916924199;2,3;1,3;;;0;UN;;1;2025-12-13 13:22:30;2025-12-13 13:22:30;;0;Também na menor
752;canela po;793573980939;2,7;1,4;;;0;UN;;1;2025-12-13 13:23:25;2025-12-13 13:23:25;;0;Também na menor
753;tabolero;7898939941142;7;6;;;0;UN;;1;2025-12-13 13:26:34;2025-12-13 13:26:34;;0;Também na menor
754;brigadeiro bom da festa;7897259401442;8,8;7;;;0;UN;;1;2025-12-13 16:48:50;2025-12-13 16:48:50;;0;Também na menor
755;milho de pipoca;7891095911356;3,5;2;;;0;UN;;1;2025-12-13 16:49:57;2025-12-13 16:49:57;;0;Também na menor
756;milhode mucunza ita;7898365321259;2,5;1,9;;;0;UN;;1;2025-12-13 16:55:12;2025-12-13 16:55:12;;0;Também na menor
757;pipoca de microondas;7891095100729;5,7;5;;;0;UN;;1;2025-12-13 16:57:51;2025-12-13 16:57:51;;0;Também na menor
758;farinha lactea 850g;7891000368725;23;21;;;0;UN;;1;2025-12-13 17:03:27;2025-12-13 17:03:27;;0;Também na menor
759;itambe zero lactose;7896051128441;20;19;;;0;UN;;1;2025-12-13 17:05:17;2025-12-13 17:05:17;;0;Também na menor
760;achoc marata 400g;7898617582254;8;7;;;0;UN;;1;2025-12-13 17:09:32;2025-12-13 17:09:32;;0;Também na menor
761;cha leao;7891098000415;4,7;4;;;0;UN;;1;2025-12-13 17:10:46;2025-12-13 17:10:46;;0;Também na menor
762;cha misto mel,mara,cidreira;7896045000555;4,7;4;;;0;UN;;1;2025-12-13 17:14:05;2025-12-13 17:14:05;;0;Também na menor
763;cha verde;7896045000036;4,7;4;;;0;UN;;1;2025-12-13 17:16:13;2025-12-13 17:16:13;;0;Também na menor
764;cha misto maça e canela;7896722501115;4,7;4;;;0;UN;;1;2025-12-13 17:17:28;2025-12-13 17:17:28;;0;Também na menor
765;baton garoto recheio ao leite;7891008239553;44;41;;;0;UN;;1;2025-12-13 17:27:42;2025-12-13 17:27:42;;0;Também na menor
772;agua azul fardo 500 ml;7890844950028;11,5;10;;;0;UN;;1;2025-12-13 20:30:53;2025-12-13 20:30:53;;0;Também na menor
767;baton branco;7891008331028;44;41;;;0;UN;;1;2025-12-13 17:32:05;2025-12-13 17:32:05;;0;Também na menor
1217;agua c gas;7894900531008;2,5;2;Açougue;;0;UN;;1;2025-12-22 10:49:20;2025-12-22 10:49:20;0353;0;Só na maior
769;baton garoto ao leite;7891008367027;1,6;1;;;0;UN;;1;2025-12-13 17:34:57;2025-12-13 17:34:57;;0;Também na menor
1161;agua com gas fd;5624656464747;23;20;Açougue;;0;UN;;1;2025-12-20 23:12:52;2025-12-20 23:12:52;0297;0;Só na maior
771;agua azul 500 ml;7898994462613;2;0,9;;;0;UN;;1;2025-12-13 20:29:46;2025-12-13 20:29:46;;0;Também na menor
997;agua oxigenada fator 40;7897161353068;2,2;2;Cadastro Rápido;;0;UN;Produto cadastrado via PDV;1;2025-12-18 12:01:02;2025-12-18 12:01:02;0133;0;Só na maior
773;clear hidrataçao intensa;7891150008151;18,5;16;;;0;UN;;1;2025-12-13 20:55:28;2025-12-13 20:55:28;;0;Também na menor
774;escova sanitaria;7896808100201;6,5;4,3;;;0;UN;;1;2025-12-13 21:03:25;2025-12-13 21:03:25;;0;Também na menor
775;alvejante brilux;7896013105640;4,5;3,6;;;0;UN;;1;2025-12-13 21:07:18;2025-12-13 21:07:18;;0;Também na menor
776;geleia de mocoto morango;7898953406627;3,9;3;;;0;UN;;1;2025-12-13 21:14:41;2025-12-13 21:14:41;;0;Também na menor
777;ninho integral 750g;7891000342176;33;29;;;0;UN;;1;2025-12-13 21:23:11;2025-12-13 21:23:11;;0;Também na menor
778;ninho instantanio 750 g;7891000393246;35;32;;;0;UN;;1;2025-12-13 21:24:59;2025-12-13 21:24:59;;0;Também na menor
779;ninho fort  composto 750g;7891000342213;33;29;;;0;UN;;1;2025-12-13 21:26:25;2025-12-13 21:26:25;;0;Também na menor
780;itambe desnatado zero;7896051131069;8,5;7,5;;;0;UN;;1;2025-12-13 21:34:59;2025-12-13 21:34:59;;0;Também na menor
781;leite itambe de 200g;7896051130055;6,9;5,9;;;0;UN;;1;2025-12-13 21:37:53;2025-12-13 21:37:53;;0;Também na menor
782;neston sache d 210g;7891000098950;6,3;5,3;;;0;UN;;1;2025-12-13 21:39:21;2025-12-13 21:39:21;;0;Também na menor
783;chocolat dona jura flocos;7896497202385;17;15;;;0;UN;;1;2025-12-13 21:41:33;2025-12-13 21:41:33;;0;Também na menor
784;granola tia iza 300;7898388825604;7,5;5,8;;;0;UN;;1;2025-12-13 21:44:17;2025-12-13 21:44:17;;0;Também na menor
785;leite betania de 200g;7898403780918;6,7;5,8;;;0;UN;;1;2025-12-13 21:45:31;2025-12-13 21:45:31;;0;Também na menor
786;granulado amarelo 120g;7896072646610;4,5;2;;;0;UN;;1;2025-12-13 21:53:22;2025-12-13 21:53:22;;0;Também na menor
787;gomas simo 500g;7897652605867;8;6;;;0;UN;;1;2025-12-13 21:55:03;2025-12-13 21:55:03;;0;Também na menor
788;damare 200g;7898994026914;2,7;2;;;0;UN;;1;2025-12-13 21:56:39;2025-12-13 21:56:39;;0;Também na menor
789;bolinho pauducco chocolate 40g;7891962000725;2,5;1,3;Outros;;0;UN;;1;2025-12-13 21:59:54;2025-12-13 21:59:54;;0;Também na menor
790;chococandy 500g;7896058591989;16;12;;;0;UN;;1;2025-12-13 22:02:10;2025-12-13 22:02:10;;0;Também na menor
791;creme de leite betania 15 de gordura;7898403780925;3,8;2,9;;;0;UN;;1;2025-12-13 22:04:51;2025-12-13 22:04:51;;0;Também na menor
792;creme de leite betan 10 gordura;7898064011864;3,8;2,9;;;0;UN;;1;2025-12-13 22:06:06;2025-12-13 22:06:06;;0;Também na menor
793;creme de leite zero lactose;7898403782028;3,95;3;;;0;UN;;1;2025-12-13 22:08:13;2025-12-13 22:08:13;;0;Também na menor
794;creme de leite embare;7896259424116;2,7;1,9;;;0;UN;;1;2025-12-13 22:09:11;2025-12-13 22:09:11;;0;Também na menor
795;leite condensado betania 395g;7898403781298;6,4;5,3;;;0;UN;;1;2025-12-13 22:11:28;2025-12-13 22:11:28;;0;Também na menor
796;pao de mel bauducco 30g;7891962042725;2;1,2;;;0;UN;;1;2025-12-13 22:14:28;2025-12-13 22:14:28;;0;Também na menor
797;nescau pronto;7891000359822;2,4;1,7;;;0;UN;;1;2025-12-13 22:26:56;2025-12-13 22:26:56;;0;Também na menor
798;xilito yokito queijo;7891095023271;2,5;1,8;;;0;UN;;1;2025-12-13 22:31:30;2025-12-13 22:31:30;;0;Também na menor
799;xilito yokito presunto;7891095023202;2,5;1,8;;;0;UN;;1;2025-12-13 22:32:51;2025-12-13 22:32:51;;0;Também na menor
800;old parr 12;5000281004020;135;124;;;0;UN;;1;2025-12-14 13:24:01;2025-12-14 13:24:01;;0;Também na menor
801;dreher;7896010006360;23;18;;;0;UN;;1;2025-12-14 13:25:02;2025-12-14 13:25:02;;0;Também na menor
802;montila cristal;7891050004406;27;20;;;0;UN;;1;2025-12-14 13:28:03;2025-12-14 13:28:03;;0;Também na menor
803;ypioca empalhada ouro;7896383700704;42;35;;;0;UN;;1;2025-12-14 13:40:31;2025-12-14 13:40:31;;0;Também na menor
804;club sol original;7896005217771;5,9;4;;;0;UN;;1;2025-12-14 13:45:18;2025-12-14 13:45:18;;0;Também na menor
805;club sol queijo;7896005217788;5,9;4;;;0;UN;;1;2025-12-14 13:46:32;2025-12-14 13:46:32;;0;Também na menor
806;club sol cereal integral;7896005217740;5,9;4;;;0;UN;;1;2025-12-14 13:47:13;2025-12-14 13:47:13;;0;Também na menor
807;vodka slova tridestilada;7898012860537;15;11;;;0;UN;;1;2025-12-14 14:30:12;2025-12-14 14:30:12;;0;Também na menor
808;vodka slova raspadinha;7898012862050;17;13;;;0;UN;;1;2025-12-14 14:31:32;2025-12-14 14:31:32;;0;Também na menor
809;vodka slova melancia;7898012862173;17;13;;;0;UN;;1;2025-12-14 14:32:33;2025-12-14 14:32:33;;0;Também na menor
810;zinebra;040141475473;11;9;;;0;UN;;1;2025-12-14 14:34:25;2025-12-14 14:34:25;;0;Também na menor
811;cachaça sagatiba;7896010000016;37;30;;;0;UN;;1;2025-12-14 14:36:13;2025-12-14 14:36:13;;0;Também na menor
812;ypioca prata norm;7896383730152;10;7;;;0;UN;;1;2025-12-14 14:37:53;2025-12-14 14:37:53;;0;Também na menor
813;ypioca ouro;7896383700681;20;17;;;0;UN;;1;2025-12-14 14:38:48;2025-12-14 14:38:48;;0;Também na menor
814;pingo de ouro;751320291479;14;11;;;0;UN;;1;2025-12-14 14:40:12;2025-12-14 14:40:12;;0;Também na menor
815;ypioca guarana;7896383730244;22;17;Outros;;0;UN;;1;2025-12-14 14:41:40;2025-12-14 14:41:40;;0;Também na menor
1117;ala limao bicar;7891150097056;4,4;4;Cadastro Rápido;;0;UN;Produto cadastrado via PDV;1;2025-12-20 14:47:23;2025-12-20 14:47:23;0253;0;Só na maior
817;ypioca meiota ouro;7896383730206;12;9;;;0;UN;;1;2025-12-14 14:48:42;2025-12-14 14:48:42;;0;Também na menor
818;ypioca meiota prata;7896383730213;10;7;;;0;UN;;1;2025-12-14 14:51:02;2025-12-14 14:51:02;;0;Também na menor
819;pergola vinho suave;7896855901417;33;29;;;0;UN;;1;2025-12-14 14:52:45;2025-12-14 14:52:45;;0;Também na menor
820;cachaça 51;7896002110921;20;15;;;0;UN;;1;2025-12-14 14:56:25;2025-12-14 14:56:25;;0;Também na menor
821;vinho sao francisco;7897146100755;5,3;3,9;;;0;UN;;1;2025-12-14 14:57:21;2025-12-14 14:57:21;;0;Também na menor
822;suco de uva gaucho;7897146101172;14;11;;;0;UN;;1;2025-12-14 14:58:52;2025-12-14 14:58:52;;0;Também na menor
823;vinho campestre;7898251890326;4,5;3,9;;;0;UN;;1;2025-12-14 15:00:23;2025-12-14 15:00:23;;0;Também na menor
824;vinho sao bras;7898251890357;6;4,5;;;0;UN;;1;2025-12-14 15:01:33;2025-12-14 15:01:33;;0;Também na menor
825;ypioca 150 anos;7896383730107;51;49;Outros;;0;UN;;1;2025-12-14 15:05:05;2025-12-14 15:05:05;;0;Também na menor
826;vale real prata;7898925385158;3,5;2,5;;;0;UN;;1;2025-12-14 15:07:46;2025-12-14 15:07:46;;0;Também na menor
827;vale real ouro;7898925385165;3,5;2,5;;;0;UN;;1;2025-12-14 15:09:14;2025-12-14 15:09:14;;0;Também na menor
828;quinta real prata;7898925385172;3,5;2,5;;;0;UN;;1;2025-12-14 15:11:13;2025-12-14 15:11:13;;0;Também na menor
829;meiota;630941376218;3,5;2,5;;;0;UN;;1;2025-12-14 15:12:31;2025-12-14 15:12:31;;0;Também na menor
830;sab barra ype;7896098905937;12;11;;;0;UN;;1;2025-12-15 12:10:26;2025-12-15 12:10:26;;0;Também na menor
831;farinha precioso;7898926342020;5;4;;;0;UN;;1;2025-12-15 12:11:16;2025-12-15 12:11:16;;0;Também na menor
832;farinha ivana;7898994336556;5;4;;;0;UN;;1;2025-12-15 12:11:56;2025-12-15 12:11:56;;0;Também na menor
833;vassoura francis;7898938700795;16;15;;;0;UN;;1;2025-12-15 12:13:16;2025-12-15 12:13:16;;0;Também na menor
834;vassoura cristal;7896808100034;8;7;;;0;UN;;1;2025-12-15 12:14:03;2025-12-15 12:14:03;;0;Também na menor
835;vassoura multiuso;7891055019658;7,5;6;;;0;UN;;1;2025-12-15 12:15:30;2025-12-15 12:15:30;;0;Também na menor
836;vassoura nobre;751320913623;7,5;7;;;0;UN;;1;2025-12-15 12:17:32;2025-12-15 12:17:32;;0;Também na menor
837;rodo cristal;7896808100102;7;6;;;0;UN;;1;2025-12-15 12:18:38;2025-12-15 12:18:38;;0;Também na menor
969;alcool 54;7896454300086;6;5;Cadastro Rápido;;2;UN;Produto cadastrado via PDV;1;2025-12-17 21:25:57;2025-12-17 21:25:57;0105;0;Só na maior
1299;alecrim;070341121085;5;4;Cadastro Rápido;;0;PCT;Produto cadastrado via PDV;1;2025-12-23 19:12:13;2025-12-23 19:12:13;0435;0;Só na maior
1046;alface;1200535970956;4,5;4;Açougue;;0;UN;Produto cadastrado via PDV;1;2025-12-19 11:35:58;2025-12-19 11:35:58;0182;0;Só na maior
1100;algodao nevoa;7898952148016;1,5;0;Cadastro Rápido;;0;UN;Produto cadastrado via PDV;1;2025-12-20 11:07:08;2025-12-20 11:07:08;0236;0;Só na maior
1298;alho kg;5110048765207;25;20;Cadastro Rápido;;0;KG;Produto cadastrado via PDV;1;2025-12-23 18:16:13;2025-12-23 18:16:13;0434;0;Só na maior
1324;alho picado 200g;7898295750112;5,5;3,8;Cadastro Rápido;;9;UN;Produto cadastrado via PDV;1;2025-12-24 20:41:21;2025-12-24 20:41:21;0460;0;Só na maior
1251;alho picado sem sal;7898295752260;5,5;5;Cadastro Rápido;;0;UN;Produto cadastrado via PDV;1;2025-12-22 20:53:36;2025-12-22 20:53:36;0387;0;Só na maior
1372;alho por kg;32653498;25;20;Cadastro Rápido;;9;KG;Produto cadastrado via PDV;1;2025-12-27 20:47:33;2025-12-27 20:47:33;0508;1;Só na maior
994;alho un;1941168642628;1,5;1;Cadastro Rápido;;0;UN;Produto cadastrado via PDV;1;2025-12-18 11:25:45;2025-12-18 11:25:45;0130;0;Só na maior
848;tostadinha;7891152801514;5;4;;;0;UN;;1;2025-12-15 13:46:02;2025-12-15 13:46:02;;0;Também na menor
849;cup noodles;7891079013038;5;4;;;0;UN;;1;2025-12-15 13:48:36;2025-12-15 13:48:36;;0;Também na menor
850;filezinho perdigao;7891515614065;22;20;;;0;UN;;1;2025-12-15 14:00:54;2025-12-15 14:00:54;;0;Também na menor
851;canudinho rainha;7898246080299;7;6;;;0;UN;;1;2025-12-15 14:06:08;2025-12-15 14:06:08;;0;Também na menor
852;yokito assado de queijo;7891095023189;2,5;2;;;0;UN;;1;2025-12-15 14:10:11;2025-12-15 14:10:11;;0;Também na menor
853;nissin galinha;7891079000229;2,3;2;;;0;UN;;1;2025-12-15 20:37:04;2025-12-15 20:37:04;;0;Também na menor
854;nissin carne;7891079000205;2,3;2;;;0;UN;;1;2025-12-15 20:38:01;2025-12-15 20:38:01;;0;Também na menor
855;lamen galinha;7891152800883;1,8;1;;;0;UN;;1;2025-12-15 20:39:04;2025-12-15 20:39:04;;0;Também na menor
856;lamem galinhaa;7891152800876;1,8;1;;;0;UN;;1;2025-12-15 20:44:43;2025-12-15 20:44:43;;0;Também na menor
857;lamem carne;7891152800869;1,8;1;;;0;UN;;1;2025-12-15 20:47:06;2025-12-15 20:47:06;;0;Também na menor
858;hot mexicano;7891079011478;2,3;2;;;0;UN;;1;2025-12-15 20:48:35;2025-12-15 20:48:35;;0;Também na menor
859;talharim bolonhesa;7891079000427;3,2;2;;;0;UN;;1;2025-12-15 20:50:39;2025-12-15 20:50:39;;0;Também na menor
860;talharim carne c tomate;7891079000410;3,2;2;;;0;UN;;1;2025-12-15 20:57:42;2025-12-15 20:57:42;;0;Também na menor
861;leite betania zero lactose;7898403782011;6,2;5;;;0;UN;;1;2025-12-15 21:33:27;2025-12-15 21:33:27;;0;Também na menor
862;leite betania desnatado;7898403782394;6,2;5;;;0;UN;;1;2025-12-15 21:35:35;2025-12-15 21:35:35;;0;Também na menor
863;betania integral;7898403782387;6,2;5;;;0;UN;;1;2025-12-15 21:37:36;2025-12-15 21:37:36;;0;Também na menor
906;amori banana split;7891152802641;2,7;2;Cadastro Rápido;;2;KG;Produto cadastrado via PDV;1;2025-12-17 14:40:31;2025-12-17 14:40:31;0042;0;Só na maior
1073;amori cookies;7891152305913;2;1,5;Açougue;;0;UN;;1;2025-12-19 19:24:50;2025-12-19 19:24:50;0209;0;Só na maior
1084;ampola  capila;7898658626054;2;1;Açougue;;0;UN;;1;2025-12-19 20:32:24;2025-12-19 20:32:24;0220;0;Só na maior
1231;animados waffer 30g;7891152340211;1,3;1;Cadastro Rápido;;0;UN;Produto cadastrado via PDV;1;2025-12-22 11:56:53;2025-12-22 11:56:53;0367;0;Só na maior
1364;arroz namorado branco;7896079431110;3,9;3,4;Açougue;;9;UN;;1;2025-12-27 10:41:59;2025-12-27 10:41:59;0500;0;Só na maior
1212;assim 400g;3955414452648;4;3;Açougue;;0;UN;;1;2025-12-22 00:40:04;2025-12-22 00:40:04;0348;0;Só na maior
1247;asssim 800g;7908324402704;7,5;7;Cadastro Rápido;;0;UN;Produto cadastrado via PDV;1;2025-12-22 18:17:51;2025-12-22 18:17:51;0383;0;Só na maior
1362;azeite galo lata verm;5601252231058;24;20;Açougue;;9;UN;;1;2025-12-27 10:20:01;2025-12-27 10:20:01;0498;0;Só na maior
1316;bacon kg;5412678827943;33;30;Cadastro Rápido;;0;KG;Produto cadastrado via PDV;1;2025-12-24 18:47:00;2025-12-24 18:47:00;0452;1;Só na maior
1080;bala minty;7896451900029;1;0,5;Açougue;;0;UN;;1;2025-12-19 20:11:58;2025-12-19 20:11:58;0216;0;Só na maior
1250;balao n 6,5;7896491440981;6;5;Cadastro Rápido;;0;UN;Produto cadastrado via PDV;1;2025-12-22 20:38:34;2025-12-22 20:38:34;0386;0;Só na maior
839;banana;9382598499581;1;1;;;0;UN;;1;2025-12-15 12:25:58;2025-12-15 12:25:58;;0;Só na maior
1225;bandeid;786562501079;0,5;0,35;Açougue;;0;UN;;1;2025-12-22 11:18:50;2025-12-22 11:18:50;0361;0;Só na maior
1179;bandeja feijoada;7898914001083;7;5;Cadastro Rápido;;0;UN;Produto cadastrado via PDV;1;2025-12-21 12:20:52;2025-12-21 12:20:52;0315;0;Só na maior
1167;bandeja maxixi;2972087114872;5;4;Cadastro Rápido;;0;KG;Produto cadastrado via PDV;1;2025-12-21 11:04:32;2025-12-21 11:04:32;0303;0;Só na maior
876;barbeador bic;070330729872;2,5;2;Cadastro Rápido;;5;KG;Produto cadastrado via PDV;1;2025-12-17 12:12:19;2025-12-17 12:12:19;0012;0;Só na maior
1243;barbeador bic;070330729858;2,5;2;Cadastro Rápido;;0;UN;Produto cadastrado via PDV;1;2025-12-22 14:30:33;2025-12-22 14:30:33;0379;0;Só na maior
977;barbeador gillet;7500435154420;2,8;2;Cadastro Rápido;;2;UN;Produto cadastrado via PDV;1;2025-12-17 21:53:33;2025-12-17 21:53:33;0113;0;Só na maior
1128;barbeador probak;7702018118823;2,3;2;Cadastro Rápido;;0;UN;Produto cadastrado via PDV;1;2025-12-20 15:15:30;2025-12-20 15:15:30;0264;0;Só na maior
1016;barrinha baudocu chocolate;7891962007366;2,5;2;Cadastro Rápido;;0;UN;Produto cadastrado via PDV;1;2025-12-18 17:30:18;2025-12-18 17:30:18;0152;0;Só na maior
1015;barrinha bauduco goiaba;7891962003894;2,5;2;Cadastro Rápido;;0;UN;Produto cadastrado via PDV;1;2025-12-18 17:29:02;2025-12-18 17:29:02;0151;0;Só na maior
965;bat gut;7898403781014;7;6;Cadastro Rápido;;2;UN;Produto cadastrado via PDV;1;2025-12-17 21:20:23;2025-12-17 21:20:23;0101;0;Só na maior
981;bata ta yokitos;7891095023134;4;3;Cadastro Rápido;;2;UN;Produto cadastrado via PDV;1;2025-12-17 22:01:07;2025-12-17 22:01:07;0117;0;Só na maior
895;batata doce;4475385722711;5;4;Açougue;;2;KG;;1;2025-12-17 14:03:33;2025-12-17 14:03:33;0031;1;Só na maior
894;batata inglesa kg;3816353329944;6;5;Açougue;;2;KG;;1;2025-12-17 14:01:13;2025-12-17 14:01:13;0030;1;Só na maior
1241;batata palito aurora 400g;7891164026240;6,5;4,5;Açougue;;0;UN;;1;2025-12-22 13:55:24;2025-12-22 13:55:24;0377;0;Só na maior
1302;batata rufles;7892840822972;4;3;Cadastro Rápido;;0;UN;Produto cadastrado via PDV;1;2025-12-23 20:49:41;2025-12-23 20:49:41;0438;0;Só na maior
1286;batata yoki;7891095031696;8,8;7;Cadastro Rápido;;0;KG;Produto cadastrado via PDV;1;2025-12-23 12:40:35;2025-12-23 12:40:35;0422;0;Só na maior
945;batata yokito salsa;7891095023141;4;3;Cadastro Rápido;;2;KG;Produto cadastrado via PDV;1;2025-12-17 19:05:51;2025-12-17 19:05:51;0081;0;Só na maior
1314;bate gut issis;7898034920103;6,5;5;Cadastro Rápido;;0;UN;Produto cadastrado via PDV;1;2025-12-24 18:39:40;2025-12-24 18:39:40;0450;0;Só na maior
1105;batgut betania;7898403780451;7;6;Cadastro Rápido;;0;UN;Produto cadastrado via PDV;1;2025-12-20 12:34:10;2025-12-20 12:34:10;0241;0;Só na maior
770;baton ao leite ao leite;78912359;1,6;1;;;0;UN;;1;2025-12-13 17:35:54;2025-12-13 17:35:54;;0;Só na maior
768;baton bran uni;78912366;1,6;1;;;0;UN;;1;2025-12-13 17:33:14;2025-12-13 17:33:14;;0;Só na maior
766;baton uni;78930230;1,6;1;;;0;UN;;1;2025-12-13 17:30:59;2025-12-13 17:30:59;;0;Só na maior
901;berinjela;1384075268237;7;5;Açougue;;2;UN;;1;2025-12-17 14:24:12;2025-12-17 14:24:12;0037;1;Só na maior
1124;betania morag 900g;2859403120659;13;12;Cadastro Rápido;;0;UN;Produto cadastrado via PDV;1;2025-12-20 15:08:42;2025-12-20 15:08:42;0260;0;Só na maior
1336;beterraba ver;8393450918301;7;6;Cadastro Rápido;;9;KG;Produto cadastrado via PDV;1;2025-12-25 12:11:05;2025-12-25 12:11:05;0472;1;Só na maior
1010;biacoito sol churrasco;7896005217498;3,3;3;Cadastro Rápido;;0;UN;Produto cadastrado via PDV;1;2025-12-18 16:45:26;2025-12-18 16:45:26;0146;0;Só na maior
1199;bicamada betania 150g;7898403781632;3,9;3;Cadastro Rápido;;0;UN;Produto cadastrado via PDV;1;2025-12-21 15:04:31;2025-12-21 15:04:31;0335;0;Só na maior
963;bife;7156774566952;35;30;Açougue;;0;KG;;1;2025-12-17 21:12:27;2025-12-17 21:12:27;0099;1;Só na maior
875;bife de file temperado;7898249772610;20;17;Açougue;;0;KG;Produto cadastrado via PDV;1;2025-12-17 11:43:06;2025-12-17 11:43:06;0011;0;Só na maior
1009;biscoito sol cebola com salsa;7896005217504;3,3;3;Cadastro Rápido;;0;UN;Produto cadastrado via PDV;1;2025-12-18 16:44:18;2025-12-18 16:44:18;0145;0;Só na maior
1011;biscoito sol presunto;7896005217467;3,3;3;Cadastro Rápido;;0;UN;Produto cadastrado via PDV;1;2025-12-18 16:46:40;2025-12-18 16:46:40;0147;0;Só na maior
172;black e white;50196081;63;55;Outros;;0;UN;;1;2025-12-05 21:12:45;2025-12-05 21:12:45;;0;Só na maior
984;bohemia;7891991006088;4;3;Cadastro Rápido;;2;UN;Produto cadastrado via PDV;1;2025-12-17 22:10:36;2025-12-17 22:10:36;0120;0;Só na maior
937;bolacha acebolada;7898902394296;5,5;5;Cadastro Rápido;;2;UN;Produto cadastrado via PDV;1;2025-12-17 18:13:17;2025-12-17 18:13:17;0073;0;Só na maior
1341;bolacha cracke eika;7898079560159;6,5;6;Cadastro Rápido;;0;KG;Produto cadastrado via PDV;1;2025-12-25 13:49:06;2025-12-25 13:49:06;0477;0;Só na maior
1012;bolacha integ erika;7898079560173;6,5;5;Cadastro Rápido;;0;UN;Produto cadastrado via PDV;1;2025-12-18 16:49:18;2025-12-18 16:49:18;0148;0;Só na maior
1258;bolinho animados chocolate;7891152342116;2;1,5;Cadastro Rápido;;0;UN;Produto cadastrado via PDV;1;2025-12-22 21:23:48;2025-12-22 21:23:48;0394;0;Só na maior
1331;bolinho bauducco baunilha 40 g;7891962067346;2,5;1,9;Cadastro Rápido;;9;UN;Produto cadastrado via PDV;1;2025-12-24 22:09:35;2025-12-24 22:09:35;0467;0;Só na maior
1147;bolo caseiro;7201826827526;10;9;Cadastro Rápido;;0;UN;Produto cadastrado via PDV;1;2025-12-20 21:17:18;2025-12-20 21:17:18;0283;0;Só na maior
918;kuat 250ml;78912946;2,5;2;Cadastro Rápido;;2;KG;Produto cadastrado via PDV;1;2025-12-17 15:33:09;2025-12-17 15:33:09;0054;0;Também na menor
1097;bolo padaria;8602098184987;9;8;Açougue;;0;UN;;1;2025-12-20 10:31:03;2025-12-20 10:31:03;0233;0;Só na maior
1332;bolo renopan;7898902394463;9;7,8;Cadastro Rápido;;9;UN;Produto cadastrado via PDV;1;2025-12-25 10:57:35;2025-12-25 10:57:35;0468;0;Só na maior
1312;bombom  sortidos;7897156101575;9,5;9;Cadastro Rápido;;0;UN;Produto cadastrado via PDV;1;2025-12-23 22:24:24;2025-12-23 22:24:24;0448;0;Só na maior
999;bordon fiambre;7896031225085;9;8;Cadastro Rápido;;0;UN;Produto cadastrado via PDV;1;2025-12-18 12:14:13;2025-12-18 12:14:13;0135;0;Só na maior
507;borrifador de 500;974297439099;7;4;;;0;UN;;1;2025-12-11 15:49:08;2025-12-11 15:49:08;;0;Só na maior
1279;brahma uni;7891991295314;6;5;Açougue;;0;UN;;1;2025-12-23 10:53:31;2025-12-23 10:53:31;0415;0;Só na maior
1122;brilhante 400g;7891150066618;6,3;6;Cadastro Rápido;;0;UN;Produto cadastrado via PDV;1;2025-12-20 14:59:10;2025-12-20 14:59:10;0258;0;Só na maior
880;brilhante po 400g;7891150086586;6,3;6;Cadastro Rápido;;5;KG;Produto cadastrado via PDV;1;2025-12-17 12:54:49;2025-12-17 12:54:49;0016;0;Só na maior
1309;bucha vegetal;7898032680153;6;5;Cadastro Rápido;;0;UN;Produto cadastrado via PDV;1;2025-12-23 21:42:59;2025-12-23 21:42:59;0445;0;Só na maior
1274;budweiser fd;252555552222222;135;130;Açougue;;0;FD;;1;2025-12-23 10:13:13;2025-12-23 10:13:13;0410;0;Só na maior
1368;budweiser lata;7891991296342;56;51;Açougue;;9;UN;;1;2025-12-27 12:03:41;2025-12-27 12:03:41;0504;0;Só na maior
816;cachaça serrana;203854123;23;18;;;0;UN;;1;2025-12-14 14:45:30;2025-12-14 14:45:30;;0;Só na maior
1143;caderneta p;7898572600109;1;0,5;Cadastro Rápido;;0;UN;Produto cadastrado via PDV;1;2025-12-20 20:52:40;2025-12-20 20:52:40;0279;0;Só na maior
1172;caderno p;7898572600017;2;1;Cadastro Rápido;;0;UN;Produto cadastrado via PDV;1;2025-12-21 11:22:30;2025-12-21 11:22:30;0308;0;Só na maior
1303;cafe com leite 20g;7896005807521;2;1,5;Açougue;;0;UN;;1;2025-12-23 21:03:20;2025-12-23 21:03:20;0439;0;Só na maior
890;calabresa;25632563256;29;25;Açougue;;2;KG;;1;2025-12-17 13:50:48;2025-12-17 13:50:48;0026;1;Só na maior
1245;calabresa gostosinha;7898249771293;9,5;7;Açougue;;0;UN;;1;2025-12-22 15:23:12;2025-12-22 15:23:12;0381;0;Só na maior
889;caldo de galinha 114g;7891000251539;3,2;3;Cadastro Rápido;;2;KG;Produto cadastrado via PDV;1;2025-12-17 13:29:26;2025-12-17 13:29:26;0025;0;Só na maior
1374;camarao kg;36363985;43;39;Cadastro Rápido;;9;KG;Produto cadastrado via PDV;1;2025-12-27 20:51:43;2025-12-27 20:51:43;0510;1;Só na maior
1176;carne do sol;858585858585;37;30;Açougue;;0;KG;;1;2025-12-21 11:50:34;2025-12-21 11:50:34;0312;1;Só na maior
985;carne do sol desfiada;7890254838169;35;30;Cadastro Rápido;;2;UN;Produto cadastrado via PDV;1;2025-12-17 22:12:20;2025-12-17 22:12:20;0121;0;Só na maior
946;carne moida;7898249772979;7;6;Açougue;;0;KG;Produto cadastrado via PDV;1;2025-12-17 19:06:59;2025-12-17 19:06:59;0082;0;Só na maior
1177;carne moida 500g;141414141414;16;14;Açougue;;0;UN;;1;2025-12-21 11:53:52;2025-12-21 11:53:52;0313;0;Só na maior
1345;castanha 25g;070341651384;2;1;Cadastro Rápido;;0;KG;Produto cadastrado via PDV;1;2025-12-25 14:01:21;2025-12-25 14:01:21;0481;0;Só na maior
720;castanha natural de 500g;000232255;29;26;;;0;UN;;1;2025-12-12 21:59:55;2025-12-12 21:59:55;;0;Só na maior
926;cebola kg;8956235698;4;3;Açougue;;2;KG;Produto cadastrado via PDV;1;2025-12-17 15:59:39;2025-12-17 15:59:39;0062;1;Só na maior
1335;cenora ver;986587459;7;6;Cadastro Rápido;;9;KG;Produto cadastrado via PDV;1;2025-12-25 12:09:49;2025-12-25 12:09:49;0471;1;Só na maior
897;cenoura;777777777777;7;6;Açougue;;2;KG;;1;2025-12-17 14:07:56;2025-12-17 14:07:56;0033;1;Só na maior
1040;cereal ball 80g;7896072641585;7;6;Açougue;;0;UN;;1;2025-12-18 22:47:11;2025-12-18 22:47:11;0176;0;Só na maior
1319;cereal ball black e whate 500g;7896497200909;24;20;Cadastro Rápido;;9;UN;Produto cadastrado via PDV;1;2025-12-24 19:26:23;2025-12-24 19:26:23;0455;0;Só na maior
1321;cereal ball branco 300g;7896497209360;18;14;Cadastro Rápido;;5;KG;Produto cadastrado via PDV;1;2025-12-24 19:35:08;2025-12-24 19:35:08;0457;0;Só na maior
1318;cereal ball mesclado;7896072641554;29;25;Cadastro Rápido;;9;UN;Produto cadastrado via PDV;1;2025-12-24 19:11:10;2025-12-24 19:11:10;0454;0;Só na maior
1160;cerveja sol fd;12455557555;35;30;Açougue;;0;UN;;1;2025-12-20 23:07:12;2025-12-20 23:07:12;0296;0;Só na maior
1352;cha fatorre active cachos;7898932947172;25;20;Açougue;;9;UN;;1;2025-12-27 09:42:50;2025-12-27 09:42:50;0488;0;Só na maior
1350;cha fatorre cachos;7898752300751;25;20;Açougue;;9;UN;;1;2025-12-27 09:39:30;2025-12-27 09:39:30;0486;0;Só na maior
1353;cha fatorre consttruçao;7898932946342;25;20;Açougue;;9;UN;;1;2025-12-27 09:44:18;2025-12-27 09:44:18;0489;0;Só na maior
1351;cha fatorre effect;7898926495337;25;20;Açougue;;9;UN;;1;2025-12-27 09:41:04;2025-12-27 09:41:04;0487;0;Só na maior
1035;chambinho choc;7891000110430;11;10;Cadastro Rápido;;0;UN;Produto cadastrado via PDV;1;2025-12-18 22:18:28;2025-12-18 22:18:28;0171;0;Só na maior
1229;chandelle duo;7891000396452;6,5;5,5;Açougue;;0;UN;;1;2025-12-22 11:42:19;2025-12-22 11:42:19;0365;0;Só na maior
1200;chanty mix;7896096007688;25;20;Cadastro Rápido;;0;UN;Produto cadastrado via PDV;1;2025-12-21 15:29:25;2025-12-21 15:29:25;0336;0;Só na maior
950;cheddar  r minas;7896825400223;16;15;Açougue;;2;UN;;1;2025-12-17 19:39:27;2025-12-17 19:39:27;0086;0;Só na maior
1340;cheetos fd;125555555555555;12;10;Cadastro Rápido;;0;KG;Produto cadastrado via PDV;1;2025-12-25 13:48:10;2025-12-25 13:48:10;0476;0;Só na maior
1248;cheetus;7892840814991;1,5;1;Cadastro Rápido;;0;UN;Produto cadastrado via PDV;1;2025-12-22 18:53:23;2025-12-22 18:53:23;0384;0;Só na maior
927;cheiro verde;12312546325;2;1;Cadastro Rápido;;2;UN;Produto cadastrado via PDV;1;2025-12-17 16:04:37;2025-12-17 16:04:37;0063;0;Só na maior
1075;chia 100g;070341120699;6;5;Açougue;;0;UN;;1;2025-12-19 19:50:53;2025-12-19 19:50:53;0211;0;Só na maior
1300;chocolate barra 80g;7891008123975;7,5;7;Cadastro Rápido;;0;UN;Produto cadastrado via PDV;1;2025-12-23 19:41:24;2025-12-23 19:41:24;0436;0;Só na maior
904;chocolate betanea 200ml;7898403780499;2;1,5;Açougue;;2;UN;;1;2025-12-17 14:37:58;2025-12-17 14:37:58;0040;0;Só na maior
1255;chocolate meio amargo;7891008124026;7,5;7;Cadastro Rápido;;0;UN;Produto cadastrado via PDV;1;2025-12-22 21:14:02;2025-12-22 21:14:02;0391;0;Só na maior
1304;chocolatto 200g;7896224803106;6,5;4;Açougue;;0;UN;;1;2025-12-23 21:13:02;2025-12-23 21:13:02;0440;0;Só na maior
896;chuchu;7899999987;1,5;1;Açougue;;2;UN;;1;2025-12-17 14:06:21;2025-12-17 14:06:21;0032;0;Só na maior
1050;cigarro klint;78947962;6,8;6;Cadastro Rápido;;0;UN;Produto cadastrado via PDV;1;2025-12-19 11:49:26;2025-12-19 11:49:26;0186;0;Só na maior
1129;closeup carvao ativado;7891150103290;9;7;Açougue;;0;UN;;1;2025-12-20 18:52:47;2025-12-20 18:52:47;0265;0;Só na maior
1130;clousep ice;7891037744509;9;7;Açougue;;0;UN;;1;2025-12-20 18:54:10;2025-12-20 18:54:10;0266;0;Só na maior
1376;cobertura de sorvete chocolate;7896395100066;24,5;22;Cadastro Rápido;;9;UN;Produto cadastrado via PDV;1;2025-12-27 21:06:51;2025-12-27 21:06:51;0512;0;Só na maior
1377;cobertura de sorvete morango;7898407506644;24,5;22;Cadastro Rápido;;0;UN;Produto cadastrado via PDV;1;2025-12-27 21:07:43;2025-12-27 21:07:43;0513;0;Só na maior
888;coca 2l;7894900027013;10;9;Cadastro Rápido;;5;KG;Produto cadastrado via PDV;1;2025-12-17 13:23:27;2025-12-17 13:23:27;0024;0;Só na maior
1159;coca 2l fd;124555555555;59;55;Açougue;;0;UN;;1;2025-12-20 23:02:48;2025-12-20 23:02:48;0295;0;Só na maior
1196;coca cola 1,5;7894900011753;7;6;Cadastro Rápido;;0;UN;Produto cadastrado via PDV;1;2025-12-21 14:13:14;2025-12-21 14:13:14;0332;0;Só na maior
1154;coca lata 350g;8888858885585;20;15;Açougue;;0;FD;;1;2025-12-20 22:52:37;2025-12-20 22:52:37;0290;0;Só na maior
1218;coca lata 350g;7894900010015;4;3;Açougue;;0;UN;;1;2025-12-22 10:50:20;2025-12-22 10:50:20;0354;0;Só na maior
1155;coca lata fd;122212121212;40;38;Açougue;;0;FD;;1;2025-12-20 22:54:28;2025-12-20 22:54:28;0291;0;Só na maior
1215;coca lata zero 350g;7894900700015;4;3;Açougue;;0;UN;;1;2025-12-22 10:47:49;2025-12-22 10:47:49;0351;0;Só na maior
1156;coca ls cx;45455545455555;54;48;Açougue;;0;CX;;1;2025-12-20 22:55:47;2025-12-20 22:55:47;0292;0;Só na maior
907;coca pet 250ml;78912939;2,5;2;Cadastro Rápido;;2;KG;Produto cadastrado via PDV;1;2025-12-17 14:42:57;2025-12-17 14:42:57;0043;0;Só na maior
1189;coca retornavel 2l;7894900027082;7,5;6;Açougue;;0;UN;;1;2025-12-21 12:50:41;2025-12-21 12:50:41;0325;0;Só na maior
874;coca zero 250g;78909045;2,5;2;Cadastro Rápido;;5;KG;Produto cadastrado via PDV;1;2025-12-17 11:42:00;2025-12-17 11:42:00;0010;0;Só na maior
1187;coca zero 2l;7894900701517;11;10;Açougue;;0;UN;;1;2025-12-21 12:46:17;2025-12-21 12:46:17;0323;0;Só na maior
1270;cola branca 90g;7898003768057;2,5;2;Cadastro Rápido;;0;UN;Produto cadastrado via PDV;1;2025-12-22 22:20:47;2025-12-22 22:20:47;0406;0;Só na maior
1230;cola firmex 20g;7898535410080;7;6;Descartáveis;;0;UN;;1;2025-12-22 11:50:29;2025-12-22 11:50:29;0366;0;Só na maior
1020;colgate tripla açao;7891024037973;7,7;7;Cadastro Rápido;;0;UN;Produto cadastrado via PDV;1;2025-12-18 18:43:06;2025-12-18 18:43:06;0156;0;Só na maior
1136;confei pop;7897077837027;30;29;Cadastro Rápido;;0;UN;Produto cadastrado via PDV;1;2025-12-20 19:43:38;2025-12-20 19:43:38;0272;0;Só na maior
1344;cookies amoi;7891152801262;3;2;Cadastro Rápido;;0;KG;Produto cadastrado via PDV;1;2025-12-25 13:57:37;2025-12-25 13:57:37;0480;0;Só na maior
1343;cookies bauducco;7891962054810;3;2;Cadastro Rápido;;0;KG;Produto cadastrado via PDV;1;2025-12-25 13:56:40;2025-12-25 13:56:40;0479;0;Só na maior
1204;copo amazon;7891155076179;15;14;Açougue;;0;UN;;1;2025-12-21 21:15:51;2025-12-21 21:15:51;0340;0;Só na maior
1146;copo americano uni;14147774114;1,5;1;Cadastro Rápido;;0;UN;Produto cadastrado via PDV;1;2025-12-20 21:12:06;2025-12-20 21:12:06;0282;0;Só na maior
1327;copo desct 150 ml;7898505142874;5;3,8;Cadastro Rápido;;9;UN;Produto cadastrado via PDV;1;2025-12-24 21:19:04;2025-12-24 21:19:04;0463;0;Só na maior
1366;copo marata 180;7898287990113;4,5;5,5;Cadastro Rápido;;9;UN;Produto cadastrado via PDV;1;2025-12-27 11:41:48;2025-12-27 11:41:48;0502;0;Só na maior
988;coraçao;33333333333;15;13;Açougue;;0;UN;;1;2025-12-18 10:47:08;2025-12-18 10:47:08;0124;1;Só na maior
1277;corona uni;7891149108718;8;6,5;Açougue;;9000000;UN;;1;2025-12-23 10:36:30;2025-12-23 10:36:30;0413;0;Só na maior
1055;costela gado kg;6666566656555;25;24;Açougue;;0;KG;Produto cadastrado via PDV;1;2025-12-19 12:46:16;2025-12-19 12:46:16;0191;1;Só na maior
1059;cotonete line;7898095296018;2;1;Cadastro Rápido;;0;UN;Produto cadastrado via PDV;1;2025-12-19 13:54:36;2025-12-19 13:54:36;0195;0;Só na maior
1244;coxa com sobrecoxa;7898249771477;14;12;Açougue;;0;UN;;1;2025-12-22 14:52:46;2025-12-22 14:52:46;0380;0;Só na maior
1014;cream cracker agua e sal;7891152801552;6;5;Cadastro Rápido;;0;UN;Produto cadastrado via PDV;1;2025-12-18 16:59:48;2025-12-18 16:59:48;0150;0;Só na maior
1013;cream cracker integr;7891152802047;6,2;5;Cadastro Rápido;;0;UN;Produto cadastrado via PDV;1;2025-12-18 16:58:39;2025-12-18 16:58:39;0149;0;Só na maior
1066;crem pentear longo dos  sonhos;7899706170895;19;18;Açougue;;0;UN;;1;2025-12-19 18:19:39;2025-12-19 18:19:39;0202;0;Só na maior
1067;crem pentear pos quimica fattore;7898970559351;26;25;Açougue;;0;UN;;1;2025-12-19 18:21:28;2025-12-19 18:21:28;0203;0;Só na maior
1127;creme corp dour argan;7898610078389;12;11;Cadastro Rápido;;0;UN;Produto cadastrado via PDV;1;2025-12-20 15:14:26;2025-12-20 15:14:26;0263;0;Só na maior
1259;cremogema tradicional;7891150071780;4,7;4;Cadastro Rápido;;0;UN;Produto cadastrado via PDV;1;2025-12-22 21:24:58;2025-12-22 21:24:58;0395;0;Só na maior
1213;danone betakids;7898403781052;8;7;Açougue;;0;UN;;1;2025-12-22 10:45:41;2025-12-22 10:45:41;0349;0;Só na maior
972;danone betania kids;7898403782721;8;7;Cadastro Rápido;;2;UN;Produto cadastrado via PDV;1;2025-12-17 21:41:47;2025-12-17 21:41:47;0108;0;Só na maior
1086;danone betania popular;7898403780574;5,5;5;Cadastro Rápido;;0;UN;Produto cadastrado via PDV;1;2025-12-19 20:50:36;2025-12-19 20:50:36;0222;0;Só na maior
1091;danone unid betania kid;123333332222111;1,5;1;Cadastro Rápido;;0;UN;Produto cadastrado via PDV;1;2025-12-19 22:06:19;2025-12-19 22:06:19;0227;0;Só na maior
1295;delicia  250g margarina;7894904271535;4;3;Cadastro Rápido;;0;UN;Produto cadastrado via PDV;1;2025-12-23 15:28:28;2025-12-23 15:28:28;0431;0;Só na maior
986;delrio 1l;7898213970264;4,5;4;Cadastro Rápido;;2;UN;Produto cadastrado via PDV;1;2025-12-17 22:13:21;2025-12-17 22:13:21;0122;0;Só na maior
920;delrio 250ml  cola;7898213971025;2;1,8;Cadastro Rápido;;2;KG;Produto cadastrado via PDV;1;2025-12-17 15:37:56;2025-12-17 15:37:56;0056;0;Só na maior
1296;delrio abacaxi 2l;7898213970943;6,5;5;Cadastro Rápido;;0;UN;Produto cadastrado via PDV;1;2025-12-23 15:30:00;2025-12-23 15:30:00;0432;0;Só na maior
968;des brilho pratico;7898943124173;3;2,8;Cadastro Rápido;;2;UN;Produto cadastrado via PDV;1;2025-12-17 21:24:34;2025-12-17 21:24:34;0104;0;Só na maior
971;des dove fresh care;7891150063747;14,5;14;Cadastro Rápido;;2;UN;Produto cadastrado via PDV;1;2025-12-17 21:33:45;2025-12-17 21:33:45;0107;0;Só na maior
1267;desd rexona active;7791293022598;13,8;12;Cadastro Rápido;;0;UN;Produto cadastrado via PDV;1;2025-12-22 22:14:38;2025-12-22 22:14:38;0403;0;Só na maior
1004;desinfetanta juá floral;7898123120223;3,4;2,4;Cadastro Rápido;;2;UN;Produto cadastrado via PDV;1;2025-12-18 16:19:16;2025-12-18 16:19:16;0140;0;Só na maior
1002;desinfetante juá lavanda;7898123120247;3,4;2,4;Cadastro Rápido;;2;UN;Produto cadastrado via PDV;1;2025-12-18 16:14:54;2025-12-18 16:14:54;0138;0;Só na maior
1003;desinfetante juá limão;7898123120476;3,4;2,4;Cadastro Rápido;;2;UN;Produto cadastrado via PDV;1;2025-12-18 16:16:36;2025-12-18 16:16:36;0139;0;Só na maior
1281;desood rexona men care;7791293012087;13,8;12;Cadastro Rápido;;0;UN;Produto cadastrado via PDV;1;2025-12-23 11:45:05;2025-12-23 11:45:05;0417;0;Só na maior
1121;detergente capim limao;7896098902042;2,8;2;Cadastro Rápido;;0;UN;Produto cadastrado via PDV;1;2025-12-20 14:58:14;2025-12-20 14:58:14;0257;0;Só na maior
967;detergente de maça;7896098900215;2,8;2;Cadastro Rápido;;0;UN;Produto cadastrado via PDV;1;2025-12-17 21:23:04;2025-12-17 21:23:04;0103;0;Só na maior
1383;doce camponesa barra;7896259412090;8;7;Cadastro Rápido;;9;UN;Produto cadastrado via PDV;1;2025-12-27 21:44:55;2025-12-27 21:44:55;0519;0;Só na maior
1381;dona maria com ferment fard 10;66554879;44;42;Cadastro Rápido;;9;FD;Produto cadastrado via PDV;1;2025-12-27 21:29:19;2025-12-27 21:29:19;0517;0;Só na maior
1148;doritos;7892840822408;4,99;3;Cadastro Rápido;;0;UN;Produto cadastrado via PDV;1;2025-12-20 21:19:18;2025-12-20 21:19:18;0284;0;Só na maior
934;doritos queijo nacho;7892840822385;5;4;Cadastro Rápido;;3;UN;Produto cadastrado via PDV;1;2025-12-17 16:46:14;2025-12-17 16:46:14;0070;0;Só na maior
103;DOVE ROLO ORIGIN;75062835;23;19;Perfumaria;;5;UN;;1;2025-12-05 13:14:21;2025-12-05 13:14:21;;0;Só na maior
881;downy brisa intenso;7500435201292;12;11;Cadastro Rápido;;5;KG;Produto cadastrado via PDV;1;2025-12-17 12:58:23;2025-12-17 12:58:23;0017;0;Só na maior
1028;downy concentrado;7500435243612;12;11;Cadastro Rápido;;0;UN;Produto cadastrado via PDV;1;2025-12-18 21:31:03;2025-12-18 21:31:03;0164;0;Só na maior
1042;downy frescor da primavera;7506195143872;12;11;Cadastro Rápido;;0;UN;Produto cadastrado via PDV;1;2025-12-19 10:35:40;2025-12-19 10:35:40;0178;0;Só na maior
1271;downy lirios do campop;7506195143858;12;10;Cadastro Rápido;;0;UN;Produto cadastrado via PDV;1;2025-12-22 22:53:50;2025-12-22 22:53:50;0407;0;Só na maior
1301;dueto prediletcta;7896292358072;3,7;3;Cadastro Rápido;;0;UN;Produto cadastrado via PDV;1;2025-12-23 20:47:13;2025-12-23 20:47:13;0437;0;Só na maior
1065;els glycolic gloss;7908615059983;19;18;Açougue;;0;UN;;1;2025-12-19 18:17:48;2025-12-19 18:17:48;0201;0;Só na maior
1072;elseve longos dos sonhos mascara;7899706170918;30;28;Açougue;;0;UN;;1;2025-12-19 19:22:14;2025-12-19 19:22:14;0208;0;Só na maior
1369;empanado nobre;7891164138370;2;1,5;Açougue;;9;UN;;1;2025-12-27 12:18:04;2025-12-27 12:18:04;0505;0;Só na maior
886;empanado perdigao;7891515474126;2,3;2;Açougue;;2;UN;;1;2025-12-17 13:21:24;2025-12-17 13:21:24;0022;0;Só na maior
1141;ervas  medicinais;9658969999999;1;0,5;Cadastro Rápido;;0;UN;Produto cadastrado via PDV;1;2025-12-20 20:49:01;2025-12-20 20:49:01;0277;0;Só na maior
992;escureto;7891152801842;2,7;2;Cadastro Rápido;;0;UN;Produto cadastrado via PDV;1;2025-12-18 11:21:28;2025-12-18 11:21:28;0128;0;Só na maior
1071;escureto cookes 40g;7891152800197;2;1,5;Açougue;;0;UN;;1;2025-12-19 19:17:08;2025-12-19 19:17:08;0207;0;Só na maior
1173;esmalte;630941903544;3;2;Cadastro Rápido;;0;UN;Produto cadastrado via PDV;1;2025-12-21 11:25:20;2025-12-21 11:25:20;0309;0;Só na maior
1057;esponja bombril;7891022100976;2;1;Cadastro Rápido;;0;UN;Produto cadastrado via PDV;1;2025-12-19 12:51:43;2025-12-19 12:51:43;0193;0;Só na maior
1363;esponja de aço;7898684178091;2,5;1,5;Açougue;;9;UN;;1;2025-12-27 10:21:27;2025-12-27 10:21:27;0499;0;Só na maior
1133;esqureiro  bic;070330909229;4,8;4;Cadastro Rápido;;0;UN;Produto cadastrado via PDV;1;2025-12-20 19:18:13;2025-12-20 19:18:13;0269;0;Só na maior
712;estençao 5m;0000035202;17;12,5;Outros;;0;UN;;1;2025-12-12 21:24:52;2025-12-12 21:24:52;;0;Só na maior
711;estenção cabo reforçado 5m;0000352025;25;20;Outros;;0;UN;;1;2025-12-12 21:21:49;2025-12-12 21:21:49;;0;Só na maior
1257;extensao reforçada 5m;88888888888888;30;28;Cadastro Rápido;;0;UN;Produto cadastrado via PDV;1;2025-12-22 21:17:05;2025-12-22 21:17:05;0393;0;Só na maior
1037;extrato de tomate;7908235000297;2,3;2;Cadastro Rápido;;0;UN;Produto cadastrado via PDV;1;2025-12-18 22:19:54;2025-12-18 22:19:54;0173;0;Só na maior
915;fanta 250ml;78909052;2,5;2;Cadastro Rápido;;2;KG;Produto cadastrado via PDV;1;2025-12-17 15:25:07;2025-12-17 15:25:07;0051;0;Só na maior
1157;fanta 250ml fd;12546665656;26;25;Açougue;;0;UN;;1;2025-12-20 22:57:37;2025-12-20 22:57:37;0293;0;Só na maior
1158;fanta 2l fd;25489999898;49;45;Açougue;;0;UN;;1;2025-12-20 23:01:14;2025-12-20 23:01:14;0294;0;Só na maior
917;fanta laran 250ml;78912922;2,5;2;Cadastro Rápido;;2;KG;Produto cadastrado via PDV;1;2025-12-17 15:29:49;2025-12-17 15:29:49;0053;0;Só na maior
1170;fanta laranja 2l;7894900031515;8,5;7;Cadastro Rápido;;0;UN;Produto cadastrado via PDV;1;2025-12-21 11:11:43;2025-12-21 11:11:43;0306;0;Só na maior
841;farinha dagua;963214785;6;5;;;0;UN;;1;2025-12-15 12:29:51;2025-12-15 12:29:51;;0;Só na maior
1234;farinha lactea 200ml;7898403782370;2,5;2;Cadastro Rápido;;0;UN;Produto cadastrado via PDV;1;2025-12-22 12:02:27;2025-12-22 12:02:27;0370;0;Só na maior
1166;farinha litro;455555777774;2,8;2;Cadastro Rápido;;0;KG;Produto cadastrado via PDV;1;2025-12-21 10:59:44;2025-12-21 10:59:44;0302;0;Só na maior
1385;farinha lt;68695478;2,8;2;Cadastro Rápido;;9;KG;Produto cadastrado via PDV;1;2025-12-27 21:51:11;2025-12-27 21:51:11;0521;0;Só na maior
1103;farinha realeza;7898904644306;5;4;Cadastro Rápido;;0;UN;Produto cadastrado via PDV;1;2025-12-20 12:31:11;2025-12-20 12:31:11;0239;0;Só na maior
846;feijao 4;7845963215;4;3;Outros;;0;UN;;1;2025-12-15 12:37:12;2025-12-15 12:37:12;;0;Só na maior
845;feijao 5;95175382;5;4;;;0;UN;;1;2025-12-15 12:36:25;2025-12-15 12:36:25;;0;Só na maior
844;feijao 6;852369147;6;5;;;0;UN;;1;2025-12-15 12:35:46;2025-12-15 12:35:46;;0;Só na maior
1334;feijao de corda 6;659874359;6;5;Cadastro Rápido;;9;UN;Produto cadastrado via PDV;1;2025-12-25 12:07:50;2025-12-25 12:07:50;0470;0;Só na maior
1373;feijao pret ivana;7898994336587;6,5;5,8;Cadastro Rápido;;9;KG;Produto cadastrado via PDV;1;2025-12-27 20:49:19;2025-12-27 20:49:19;0509;0;Só na maior
1163;feijao verde;232555588888;7,5;6;Cadastro Rápido;;0;UN;Produto cadastrado via PDV;1;2025-12-21 10:51:16;2025-12-21 10:51:16;0299;0;Só na maior
1093;fermento bio 10g;7891048040065;2,3;2;Cadastro Rápido;;0;UN;Produto cadastrado via PDV;1;2025-12-19 22:22:33;2025-12-19 22:22:33;0229;0;Só na maior
1048;fermipan 500g;3516664010004;18;15;Cadastro Rápido;;0;UN;Produto cadastrado via PDV;1;2025-12-19 11:38:52;2025-12-19 11:38:52;0184;0;Só na maior
962;figado de gado;7411111253;16;15;Açougue;;0;UN;;1;2025-12-17 21:10:33;2025-12-17 21:10:33;0098;1;Só na maior
1378;file de frang lar;7896419728870;22;21;Cadastro Rápido;;9;UN;Produto cadastrado via PDV;1;2025-12-27 21:09:05;2025-12-27 21:09:05;0514;0;Só na maior
1043;file de peito sadia;7893000482401;23;22;Cadastro Rápido;;0;KG;Produto cadastrado via PDV;1;2025-12-19 10:37:07;2025-12-19 10:37:07;0179;0;Só na maior
1224;filezinho aurora pct 1g;7891164015459;21;20;Açougue;;0;UN;;1;2025-12-22 11:18:02;2025-12-22 11:18:02;0360;0;Só na maior
1063;fini beijo;7898591450662;1,3;1;Cadastro Rápido;;0;UN;Produto cadastrado via PDV;1;2025-12-19 14:15:30;2025-12-19 14:15:30;0199;0;Só na maior
1061;fini tubes;7908228801672;2,5;2;Cadastro Rápido;;0;UN;Produto cadastrado via PDV;1;2025-12-19 14:12:16;2025-12-19 14:12:16;0197;0;Só na maior
1024;fita isolante;7898639687401;2;1;Cadastro Rápido;;0;UN;Produto cadastrado via PDV;1;2025-12-18 18:48:33;2025-12-18 18:48:33;0160;0;Só na maior
947;frango desfiado;7894693852052;23;22;Cadastro Rápido;;2;KG;Produto cadastrado via PDV;1;2025-12-17 19:09:32;2025-12-17 19:09:32;0083;0;Só na maior
1246;frango kg;144444444522;12;10;Açougue;;0;KG;;1;2025-12-22 15:25:14;2025-12-22 15:25:14;0382;0;Só na maior
1081;freegells menta 27,9g;7891151039796;1,5;1;Açougue;;0;UN;;1;2025-12-19 20:13:21;2025-12-19 20:13:21;0217;0;Só na maior
1184;frevo guarana 2l;7897568600048;4,5;4;Cadastro Rápido;;0;UN;Produto cadastrado via PDV;1;2025-12-21 12:35:34;2025-12-21 12:35:34;0320;0;Só na maior
1098;frisco salada;7896045112418;1,2;1;Cadastro Rápido;;0;UN;Produto cadastrado via PDV;1;2025-12-20 10:34:45;2025-12-20 10:34:45;0234;0;Só na maior
993;frisco uva;7896045112104;1,2;1;Cadastro Rápido;;0;UN;Produto cadastrado via PDV;1;2025-12-18 11:22:46;2025-12-18 11:22:46;0129;0;Só na maior
912;frut shoot;7896000597250;1,5;1;Açougue;;2;UN;;1;2025-12-17 15:15:11;2025-12-17 15:15:11;0048;0;Só na maior
1240;fumo amelia;7898237100036;4;3,5;Açougue;;9;UN;Produto cadastrado via PDV;1;2025-12-22 13:48:42;2025-12-22 13:48:42;0376;0;Só na maior
1313;garrafinha issis 170;7898034920172;3;2;Cadastro Rápido;;9;UN;Produto cadastrado via PDV;1;2025-12-24 15:06:08;2025-12-24 15:06:08;0449;0;Só na maior
1077;gelatina banana;7891151040440;1;0,5;Açougue;;0;UN;;1;2025-12-19 20:07:25;2025-12-19 20:07:25;0213;0;Só na maior
1079;gelatina dente 15g;7891151040525;1;0,7;Açougue;;0;UN;;1;2025-12-19 20:10:31;2025-12-19 20:10:31;0215;0;Só na maior
953;gelatina dr oetker maracuja;7891048050651;2,5;2;Cadastro Rápido;;2;UN;Produto cadastrado via PDV;1;2025-12-17 19:45:20;2025-12-17 19:45:20;0089;0;Só na maior
995;gelatina incolor;7896327511472;7;6;Cadastro Rápido;;0;UN;Produto cadastrado via PDV;1;2025-12-18 11:33:50;2025-12-18 11:33:50;0131;0;Só na maior
1205;geleia bom principio;7897500600174;17;16;Açougue;;0;UN;;1;2025-12-21 21:17:21;2025-12-21 21:17:21;0341;0;Só na maior
1025;gelinho;7898956846017;0,35;0,2;Açougue;;0;UN;;1;2025-12-18 20:16:24;2025-12-18 20:16:24;0161;0;Só na maior
1049;gelinho fd;7898956846024;12;11;Cadastro Rápido;;0;FD;Produto cadastrado via PDV;1;2025-12-19 11:40:42;2025-12-19 11:40:42;0185;0;Só na maior
949;gerimum;777888999;5;4;Açougue;;2;KG;;1;2025-12-17 19:19:36;2025-12-17 19:19:36;0085;1;Só na maior
941;gerimun;11111111111;5;4;Açougue;;2;KG;;1;2025-12-17 19:00:08;2025-12-17 19:00:08;0077;1;Só na maior
1272;gillete 3lamina;7500435154772;3,8;3;Cadastro Rápido;;0;UN;Produto cadastrado via PDV;1;2025-12-22 22:55:26;2025-12-22 22:55:26;0408;0;Só na maior
1165;glade lavanda;7894650013861;18;15;Cadastro Rápido;;0;UN;Produto cadastrado via PDV;1;2025-12-21 10:58:53;2025-12-21 10:58:53;0301;0;Só na maior
982;go jelly;245789652;3,5;2;Cadastro Rápido;;2;UN;Produto cadastrado via PDV;1;2025-12-17 22:02:23;2025-12-17 22:02:23;0118;0;Só na maior
940;goiaba;14777777777;7;6;Açougue;;0;KG;;1;2025-12-17 18:54:32;2025-12-17 18:54:32;0076;1;Só na maior
1030;goma mana;7439002640915;6;5;Açougue;;0;UN;;1;2025-12-18 21:45:17;2025-12-18 21:45:17;0166;0;Só na maior
1207;granulado crocante colorido;7896072697056;6,6;5;Cadastro Rápido;;2;KG;Produto cadastrado via PDV;1;2025-12-21 23:09:02;2025-12-21 23:09:02;0343;0;Só na maior
1054;halls extra forte;78938816;1,5;1;Cadastro Rápido;;0;UN;Produto cadastrado via PDV;1;2025-12-19 12:28:52;2025-12-19 12:28:52;0190;0;Só na maior
1039;hamburgue texa;7894904500383;1,5;1;Cadastro Rápido;;0;UN;Produto cadastrado via PDV;1;2025-12-18 22:23:38;2025-12-18 22:23:38;0175;0;Só na maior
1138;havaiana brassil;7895265145312;40;39;Açougue;;0;UN;;1;2025-12-20 20:34:57;2025-12-20 20:34:57;0274;0;Só na maior
1206;havaiana cinza;7909989912744;30;25;Açougue;;0;UN;;1;2025-12-21 21:19:42;2025-12-21 21:19:42;0342;0;Só na maior
1209;havaiana infantil;7909989775455;38;33,5;Açougue;;0;UN;;1;2025-12-22 00:26:39;2025-12-22 00:26:39;0345;0;Só na maior
1151;havaiana slim;7909989492956;38;35;Açougue;;0;UN;;1;2025-12-20 21:49:38;2025-12-20 21:49:38;0287;0;Só na maior
1371;hebissimo original;7896047522512;5;3,5;Cadastro Rápido;;9;UN;Produto cadastrado via PDV;1;2025-12-27 13:27:49;2025-12-27 13:27:49;0507;0;Só na maior
1276;heineken uni;78936683;8;7;Açougue;;0;UN;;1;2025-12-23 10:27:53;2025-12-23 10:27:53;0412;0;Só na maior
1323;heininken fard;7896045505371;38;33;Açougue;;9;UN;;1;2025-12-24 20:38:15;2025-12-24 20:38:15;0459;0;Só na maior
1092;helmans 250g;7894000050027;8;7;Cadastro Rápido;;0;KG;Produto cadastrado via PDV;1;2025-12-19 22:12:40;2025-12-19 22:12:40;0228;0;Só na maior
1266;hid monange lavanda;7898919412327;10;9;Cadastro Rápido;;0;UN;Produto cadastrado via PDV;1;2025-12-22 22:13:47;2025-12-22 22:13:47;0402;0;Só na maior
1027;hot wings;7898249772177;16;15;Açougue;;0;UN;;1;2025-12-18 20:18:06;2025-12-18 20:18:06;0163;0;Só na maior
1082;icekiss morango;7896286604253;1,3;1;Açougue;;0;UN;;1;2025-12-19 20:15:47;2025-12-19 20:15:47;0218;0;Só na maior
1183;iogurt 900g;7898403780659;13;10;Cadastro Rápido;;0;UN;Produto cadastrado via PDV;1;2025-12-21 12:32:17;2025-12-21 12:32:17;0319;0;Só na maior
1142;iogurte betania 170g;7898403780949;3;2;Cadastro Rápido;;0;UN;Produto cadastrado via PDV;1;2025-12-20 20:51:02;2025-12-20 20:51:02;0278;0;Só na maior
1203;iogurte natural betania;7898403780680;3,9;3;Açougue;;0;UN;;1;2025-12-21 21:07:23;2025-12-21 21:07:23;0339;0;Só na maior
1220;iogurte natural desnatado;7897469400150;3,8;2,9;Açougue;;0;UN;;1;2025-12-22 10:56:40;2025-12-22 10:56:40;0356;0;Só na maior
1283;isinho zero lactose;7898034922947;9;8;Cadastro Rápido;;0;UN;Produto cadastrado via PDV;1;2025-12-23 12:16:33;2025-12-23 12:16:33;0419;0;Só na maior
1333;isis garrafinha banana maça;7898034920073;3;1,8;Cadastro Rápido;;9;UN;Produto cadastrado via PDV;1;2025-12-25 12:05:27;2025-12-25 12:05:27;0469;0;Só na maior
913;italakinho morango;7898080642844;2;1,5;Açougue;;2;UN;;1;2025-12-17 15:17:22;2025-12-17 15:17:22;0049;0;Só na maior
1076;jujuba;7896058506105;1;0,8;Açougue;;0;UN;;1;2025-12-19 20:05:18;2025-12-19 20:05:18;0212;0;Só na maior
1379;jujuba gomets cx;7896058516098;21;18;Cadastro Rápido;;6;UN;Produto cadastrado via PDV;1;2025-12-27 21:10:58;2025-12-27 21:10:58;0515;0;Só na maior
910;kapo morango;7894900583700;2,5;2;Frios e Laticínios;;2;UN;;1;2025-12-17 15:04:34;2025-12-17 15:04:34;0046;0;Só na maior
1018;kapo uva;7894900593709;2,4;2;Cadastro Rápido;;0;UN;Produto cadastrado via PDV;1;2025-12-18 18:00:42;2025-12-18 18:00:42;0154;0;Só na maior
1060;kapo uva cx;7894900593716;27,5;27;Açougue;;0;CX;;1;2025-12-19 14:08:09;2025-12-19 14:08:09;0196;0;Só na maior
958;ketchup d+;7898612500017;15;14;Açougue;;0;UN;;1;2025-12-17 20:40:36;2025-12-17 20:40:36;0094;0;Só na maior
1051;kit fattor blindagem dos fios;7898914365512;45;41;Açougue;;0;UN;;1;2025-12-19 12:10:44;2025-12-19 12:10:44;0187;0;Só na maior
1052;kit fattore oleo de rosa mosqueta;7898914365505;45;41;Açougue;;0;UN;;1;2025-12-19 12:17:56;2025-12-19 12:17:56;0188;0;Só na maior
1361;kit ferramentas;7898505884712;18;13;Açougue;;9;UN;;1;2025-12-27 10:04:14;2025-12-27 10:04:14;0497;0;Só na maior
1106;kit manicure;55654565456444;10;9;Cadastro Rápido;;0;UN;Produto cadastrado via PDV;1;2025-12-20 12:36:06;2025-12-20 12:36:06;0242;0;Só na maior
1289;kit niely gold;7896000713186;20;18;Cadastro Rápido;;0;KG;Produto cadastrado via PDV;1;2025-12-23 13:05:56;2025-12-23 13:05:56;0425;0;Só na maior
1118;kitkat;7891000248768;4;3;Cadastro Rápido;;0;UN;Produto cadastrado via PDV;1;2025-12-20 14:51:25;2025-12-20 14:51:25;0254;0;Só na maior
1254;klint vermelho;78939769;6,8;6;Cadastro Rápido;;0;KG;Produto cadastrado via PDV;1;2025-12-22 21:10:07;2025-12-22 21:10:07;0390;0;Só na maior
990;lanche;44444444444;10;9;Açougue;;0;KG;;1;2025-12-18 11:05:51;2025-12-18 11:05:51;0126;1;Só na maior
893;laranja;159951159;6;5;Açougue;;2;UN;;1;2025-12-17 13:59:22;2025-12-17 13:59:22;0029;1;Só na maior
1005;lava roupa juá;7898123120728;11;10;Cadastro Rápido;;2;UN;Produto cadastrado via PDV;1;2025-12-18 16:21:30;2025-12-18 16:21:30;0141;0;Só na maior
1006;lava roupa juá 2litros;7898123120735;17,5;16,5;Cadastro Rápido;;2;UN;Produto cadastrado via PDV;1;2025-12-18 16:23:52;2025-12-18 16:23:52;0142;0;Só na maior
1294;led decorativo;7403015220198;15;11;Cadastro Rápido;;0;UN;Produto cadastrado via PDV;1;2025-12-23 14:31:12;2025-12-23 14:31:12;0430;0;Só na maior
1031;leite coco 200ml;7893590813739;2,5;2;Açougue;;0;UN;;1;2025-12-18 21:48:52;2025-12-18 21:48:52;0167;0;Só na maior
952;leite condesado triangulo;7896434920778;4,6;4;Cadastro Rápido;;2;UN;Produto cadastrado via PDV;1;2025-12-17 19:43:34;2025-12-17 19:43:34;0088;0;Só na maior
1195;leite fermentado trad;7898403782714;1,6;1;Cadastro Rápido;;0;UN;Produto cadastrado via PDV;1;2025-12-21 13:42:34;2025-12-21 13:42:34;0331;0;Só na maior
870;leite ninho liq caixa;7898215157403;8,3;8;Cadastro Rápido;;0;KG;Produto cadastrado via PDV;1;2025-12-17 10:52:10;2025-12-17 10:52:10;0006;0;Só na maior
1119;leite todo dia;7896051168737;30;29;Cadastro Rápido;;0;UN;Produto cadastrado via PDV;1;2025-12-20 14:52:17;2025-12-20 14:52:17;0255;0;Só na maior
996;lenço umedecido cottonbaby;7896227672044;8;6;Cadastro Rápido;;0;UN;Produto cadastrado via PDV;1;2025-12-18 11:35:36;2025-12-18 11:35:36;0132;0;Só na maior
902;limão;456665456;1;0,5;Açougue;;2;UN;;1;2025-12-17 14:26:17;2025-12-17 14:26:17;0038;0;Só na maior
1219;limoneto;7892840812850;5;4;Açougue;;0;UN;;1;2025-12-22 10:53:37;2025-12-22 10:53:37;0355;0;Só na maior
948;lin mista chamichurri;7898249773396;18;16;Cadastro Rápido;;2;UN;Produto cadastrado via PDV;1;2025-12-17 19:11:10;2025-12-17 19:11:10;0084;0;Só na maior
987;linguiça;222222222222;21;20;Açougue;;2;KG;;1;2025-12-18 10:46:26;2025-12-18 10:46:26;0123;1;Só na maior
1384;linguiça calab seara;23154678;29;25;Cadastro Rápido;;9;KG;Produto cadastrado via PDV;1;2025-12-27 21:48:50;2025-12-27 21:48:50;0520;1;Só na maior
974;linguiça kg;123321123211;21;20;Cadastro Rápido;;2;KG;Produto cadastrado via PDV;1;2025-12-17 21:44:05;2025-12-17 21:44:05;0110;0;Só na maior
1252;linguiça mista gostosinha700g;7898249772962;10,5;9;Cadastro Rápido;;0;PCT;Produto cadastrado via PDV;1;2025-12-22 20:54:38;2025-12-22 20:54:38;0388;0;Só na maior
975;linquiça;25896565444;21;20;Cadastro Rápido;;2;KG;Produto cadastrado via PDV;1;2025-12-17 21:45:15;2025-12-17 21:45:15;0111;0;Só na maior
1185;lipy cebola 30g;7898083240320;1;0,5;Cadastro Rápido;;0;UN;Produto cadastrado via PDV;1;2025-12-21 12:38:08;2025-12-21 12:38:08;0321;0;Só na maior
970;lipy queijo;7898083240351;0,9;0,8;Cadastro Rápido;;0;UN;Produto cadastrado via PDV;1;2025-12-17 21:28:27;2025-12-17 21:28:27;0106;0;Só na maior
1208;lixa de pedicure;7898994141099;5;4;Cadastro Rápido;;2;UN;Produto cadastrado via PDV;1;2025-12-21 23:11:13;2025-12-21 23:11:13;0344;0;Só na maior
1174;lixa pe;3333333333333;3;2;Cadastro Rápido;;0;UN;Produto cadastrado via PDV;1;2025-12-21 11:26:34;2025-12-21 11:26:34;0310;0;Só na maior
909;maçã;4566544582;12;10;Hortifruti;;2;KG;;0;2025-12-17 15:00:27;2025-12-17 15:00:27;0045;1;Só na maior
1085;maça fruta;12544445222154;12;11;Açougue;;0;KG;;1;2025-12-19 20:42:55;2025-12-19 20:42:55;0221;1;Só na maior
1088;macarra argola;7891152802177;4,9;4;Açougue;;0;UN;;1;2025-12-19 21:10:25;2025-12-19 21:10:25;0224;0;Só na maior
959;maionese d+;7898612500123;19;18;Açougue;;0;UN;;1;2025-12-17 20:41:49;2025-12-17 20:41:49;0095;0;Só na maior
883;maizena;7894000010014;4,2;4;Cadastro Rápido;;5;KG;Produto cadastrado via PDV;1;2025-12-17 13:05:43;2025-12-17 13:05:43;0019;0;Só na maior
1310;maizenaq tradicional;7891152801507;7,3;6;Cadastro Rápido;;0;UN;Produto cadastrado via PDV;1;2025-12-23 21:57:28;2025-12-23 21:57:28;0446;0;Só na maior
1275;mamao;12555522222225555;5;4;Açougue;;0;UN;;1;2025-12-23 10:24:32;2025-12-23 10:24:32;0411;0;Só na maior
898;manga kg;789999987;7;5;Açougue;;2;KG;;1;2025-12-17 14:12:12;2025-12-17 14:12:12;0034;1;Só na maior
1291;maria maluca;742832412148;6;5;Cadastro Rápido;;0;UN;Produto cadastrado via PDV;1;2025-12-23 13:50:36;2025-12-23 13:50:36;0427;0;Só na maior
1354;mas cachos 500g;7898752300775;30;26;Açougue;;9;UN;;1;2025-12-27 09:47:17;2025-12-27 09:47:17;0490;0;Só na maior
1358;masc  fattore restauraçao;7898970559382;26;21;Açougue;;9;UN;;1;2025-12-27 10:00:09;2025-12-27 10:00:09;0494;0;Só na maior
1355;masc activ cachos;7898932947219;30;26;Açougue;;9;UN;;1;2025-12-27 09:52:28;2025-12-27 09:52:28;0491;0;Só na maior
1357;masc fattore 12 e 1;7898932946373;26;21;Açougue;;9;UN;;1;2025-12-27 09:57:42;2025-12-27 09:57:42;0493;0;Só na maior
1360;masc fattore effect;7898926495504;26;21;Açougue;;9;UN;;1;2025-12-27 10:02:57;2025-12-27 10:02:57;0496;0;Só na maior
1359;masc fattore neutro;7898932947332;26;21;Açougue;;9;UN;;1;2025-12-27 10:01:19;2025-12-27 10:01:19;0495;0;Só na maior
1356;masc fattorre;7898752300973;26;21;Açougue;;9;UN;;1;2025-12-27 09:56:39;2025-12-27 09:56:39;0492;0;Só na maior
1137;mascara elseve liso do sonho;7908785461456;30;29;Cadastro Rápido;;0;KG;Produto cadastrado via PDV;1;2025-12-20 19:58:30;2025-12-20 19:58:30;0273;0;Só na maior
1068;mascara fattore pos quimica;7898970559344;26;25;Açougue;;0;UN;;1;2025-12-19 18:23:56;2025-12-19 18:23:56;0204;0;Só na maior
1069;mascare elseve glycolic;7908615053110;30;28;Açougue;;0;UN;;1;2025-12-19 18:25:42;2025-12-19 18:25:42;0205;0;Só na maior
1338;massa de lasanha pronta;7891152334081;7;5,5;Cadastro Rápido;;9;UN;Produto cadastrado via PDV;1;2025-12-25 12:21:57;2025-12-25 12:21:57;0474;0;Só na maior
1116;massas belas pastel;7898963979012;7;6;Cadastro Rápido;;0;UN;Produto cadastrado via PDV;1;2025-12-20 14:42:52;2025-12-20 14:42:52;0252;0;Só na maior
1380;mat inset;7897664170742;15;12;Cadastro Rápido;;9;UN;Produto cadastrado via PDV;1;2025-12-27 21:24:48;2025-12-27 21:24:48;0516;0;Só na maior
1292;melancia frut;25333225553333;5;4;Cadastro Rápido;;0;KG;Produto cadastrado via PDV;1;2025-12-23 13:56:13;2025-12-23 13:56:13;0428;0;Só na maior
973;merce fininha;7898249772665;7;6;Cadastro Rápido;;2;UN;Produto cadastrado via PDV;1;2025-12-17 21:42:40;2025-12-17 21:42:40;0109;0;Só na maior
1232;merci calabresa 360g;7898249770883;12;10;Cadastro Rápido;;0;UN;Produto cadastrado via PDV;1;2025-12-22 11:58:54;2025-12-22 11:58:54;0368;0;Só na maior
1262;merci churrasco;7898249771743;15;14;Açougue;;0;UN;;1;2025-12-22 21:39:03;2025-12-22 21:39:03;0398;0;Só na maior
980;meu lar floral;7898057830168;3,3;3;Cadastro Rápido;;2;UN;Produto cadastrado via PDV;1;2025-12-17 21:59:23;2025-12-17 21:59:23;0116;0;Só na maior
840;milho litro;147852963;2;1;;;0;UN;;1;2025-12-15 12:27:10;2025-12-15 12:27:10;;0;Só na maior
1125;mili  c 16;7896104993880;9,5;9;Cadastro Rápido;;0;UN;Produto cadastrado via PDV;1;2025-12-20 15:12:09;2025-12-20 15:12:09;0261;0;Só na maior
1090;mini pizza mussarela;7898375820179;8;7;Açougue;;0;UN;;1;2025-12-19 21:51:55;2025-12-19 21:51:55;0226;0;Só na maior
885;mistura praq bolo;7896090083084;7,5;5;Cadastro Rápido;;5;KG;Produto cadastrado via PDV;1;2025-12-17 13:16:26;2025-12-17 13:16:26;0021;0;Só na maior
911;mocoquinha;7891030003016;2;1,5;Açougue;;2;UN;;1;2025-12-17 15:13:42;2025-12-17 15:13:42;0047;0;Só na maior
1062;molho de tomate tarantela;7896036099544;3;2,8;Cadastro Rápido;;0;UN;Produto cadastrado via PDV;1;2025-12-19 14:13:56;2025-12-19 14:13:56;0198;0;Só na maior
1087;monange detox fresh;7896235353904;9;8;Cadastro Rápido;;0;UN;Produto cadastrado via PDV;1;2025-12-19 20:54:14;2025-12-19 20:54:14;0223;0;Só na maior
1263;monange oliva;7891350034646;9;8;Cadastro Rápido;;0;UN;Produto cadastrado via PDV;1;2025-12-22 21:52:16;2025-12-22 21:52:16;0399;0;Só na maior
1123;monbiju misterio;7891022860986;12;11;Cadastro Rápido;;0;UN;Produto cadastrado via PDV;1;2025-12-20 15:01:40;2025-12-20 15:01:40;0259;0;Só na maior
1214;monster energy;070847022015;10;9;Açougue;;0;UN;;1;2025-12-22 10:46:59;2025-12-22 10:46:59;0350;0;Só na maior
1367;morango bandeja;69854736;10;13;Cadastro Rápido;;9;UN;Produto cadastrado via PDV;1;2025-12-27 11:44:34;2025-12-27 11:44:34;0503;0;Só na maior
1033;morango fruta;458965855555;10;9;Cadastro Rápido;;0;UN;Produto cadastrado via PDV;1;2025-12-18 21:56:28;2025-12-18 21:56:28;0169;0;Só na maior
868;mortadela;5113568687202;11,5;10;Cadastro Rápido;;0;KG;Produto cadastrado via PDV;1;2025-12-17 10:33:34;2025-12-17 10:33:34;0004;1;Só na maior
871;mortadela;36987412369;11,5;10;Açougue;;5;KG;;1;2025-12-17 11:02:05;2025-12-17 11:02:05;0007;1;Só na maior
1306;mortadela 200g;7898249771354;2;1,5;Cadastro Rápido;;0;UN;Produto cadastrado via PDV;1;2025-12-23 21:24:44;2025-12-23 21:24:44;0442;0;Só na maior
998;mortadela de frango;7898249771385;2;1,8;Cadastro Rápido;;0;UN;Produto cadastrado via PDV;1;2025-12-18 12:10:58;2025-12-18 12:10:58;0134;0;Só na maior
1149;mortadela de frango;7898249771392;11;10;Cadastro Rápido;;0;UN;Produto cadastrado via PDV;1;2025-12-20 21:21:14;2025-12-20 21:21:14;0285;0;Só na maior
991;mortadela defumada;555555555552;23;22;Açougue;;0;KG;;1;2025-12-18 11:10:29;2025-12-18 11:10:29;0127;1;Só na maior
1269;mortadela gostosinha 1kg;7898249771361;11;10;Cadastro Rápido;;0;UN;Produto cadastrado via PDV;1;2025-12-22 22:19:17;2025-12-22 22:19:17;0405;0;Só na maior
1233;mortadela sadia 400g;7891515431938;4;3;Cadastro Rápido;;0;KG;Produto cadastrado via PDV;1;2025-12-22 12:00:53;2025-12-22 12:00:53;0369;0;Só na maior
1317;mostarda amarela bonare;7899659900501;8;7;Cadastro Rápido;;0;UN;Produto cadastrado via PDV;1;2025-12-24 19:04:10;2025-12-24 19:04:10;0453;0;Só na maior
1365;mostarda ruah 190g;7898380260427;5,5;3,9;Açougue;;9;UN;;1;2025-12-27 10:59:59;2025-12-27 10:59:59;0501;0;Só na maior
1021;mucilon  360g;7891000357170;10,3;10;Cadastro Rápido;;0;UN;Produto cadastrado via PDV;1;2025-12-18 18:45:00;2025-12-18 18:45:00;0157;0;Só na maior
1198;mucilon 180g multicereais;7891000319505;4;5,3;Cadastro Rápido;;0;UN;Produto cadastrado via PDV;1;2025-12-21 15:03:12;2025-12-21 15:03:12;0334;0;Só na maior
1120;mucilon arroz e aveia 600g;7891000438107;18;17;Cadastro Rápido;;0;UN;Produto cadastrado via PDV;1;2025-12-20 14:54:25;2025-12-20 14:54:25;0256;0;Só na maior
1260;mucilon multicereais 600g;7891000438466;18;15;Cadastro Rápido;;0;UN;Produto cadastrado via PDV;1;2025-12-22 21:28:50;2025-12-22 21:28:50;0396;0;Só na maior
1135;my toffe;7891151035682;20;18;Cadastro Rápido;;0;UN;Produto cadastrado via PDV;1;2025-12-20 19:30:13;2025-12-20 19:30:13;0271;0;Só na maior
1104;nescau 350g;7891000412855;10,5;10;Cadastro Rápido;;0;UN;Produto cadastrado via PDV;1;2025-12-20 12:32:48;2025-12-20 12:32:48;0240;0;Só na maior
1249;nescau pronto cx;125456663333;51;48;Açougue;;0;CX;;1;2025-12-22 19:56:29;2025-12-22 19:56:29;0385;0;Só na maior
1325;nescau pronto zero lact;7891000381113;3;2,5;Açougue;;9;UN;;1;2025-12-24 20:45:22;2025-12-24 20:45:22;0461;0;Só na maior
872;ninho zero lac caixa;7898215157410;8;8,3;Cadastro Rápido;;5;KG;Produto cadastrado via PDV;1;2025-12-17 11:34:34;2025-12-17 11:34:34;0008;0;Só na maior
1110;nuggets;7893000949355;10,5;10;Cadastro Rápido;;0;UN;Produto cadastrado via PDV;1;2025-12-20 13:39:21;2025-12-20 13:39:21;0246;0;Só na maior
1182;oleo paixao negra;7896235354031;12;11;Cadastro Rápido;;0;UN;Produto cadastrado via PDV;1;2025-12-21 12:30:15;2025-12-21 12:30:15;0318;0;Só na maior
1017;oreo selena gomez;7622202323614;4;3;Cadastro Rápido;;0;UN;Produto cadastrado via PDV;1;2025-12-18 17:42:32;2025-12-18 17:42:32;0153;0;Só na maior
838;ovo branco;123456789;18;17;;;0;UN;;1;2025-12-15 12:24:31;2025-12-15 12:24:31;;0;Só na maior
1297;ovo uni;323333333333333;0,9;0,5;Cadastro Rápido;;0;UN;Produto cadastrado via PDV;1;2025-12-23 18:14:38;2025-12-23 18:14:38;0433;0;Só na maior
1074;ovo vermelho;78898878899;19;18;Açougue;;0;UN;;1;2025-12-19 19:35:48;2025-12-19 19:35:48;0210;0;Só na maior
1140;ovo vermelho meia ban;4575757533333;9;8;Cadastro Rápido;;0;UN;Produto cadastrado via PDV;1;2025-12-20 20:41:25;2025-12-20 20:41:25;0276;0;Só na maior
1096;paleta suina;9898989898989;22;21;Açougue;;0;KG;;1;2025-12-20 10:30:13;2025-12-20 10:30:13;0232;1;Só na maior
877;palmolive cabelus escuro;7891024158609;9,5;9;Cadastro Rápido;;5;KG;Produto cadastrado via PDV;1;2025-12-17 12:17:41;2025-12-17 12:17:41;0013;0;Só na maior
1293;panetone bauducco mms;7891962057668;13;12;Cadastro Rápido;;0;UN;Produto cadastrado via PDV;1;2025-12-23 14:28:24;2025-12-23 14:28:24;0429;0;Só na maior
905;panetone renopan;7898225610394;13;12;Açougue;;2;UN;;1;2025-12-17 14:38:59;2025-12-17 14:38:59;0041;0;Só na maior
1315;panetone tommy;7891962018546;18;15;Cadastro Rápido;;0;UN;Produto cadastrado via PDV;1;2025-12-24 18:41:47;2025-12-24 18:41:47;0451;0;Só na maior
1089;pantene cabelo longo;7500435169356;31;30;Cadastro Rápido;;0;KG;Produto cadastrado via PDV;1;2025-12-19 21:27:06;2025-12-19 21:27:06;0225;0;Só na maior
1047;pao arabe;7898902394395;6,5;6;Cadastro Rápido;;0;UN;Produto cadastrado via PDV;1;2025-12-19 11:37:35;2025-12-19 11:37:35;0183;0;Só na maior
1322;pao da casa;252525466;4;3;Cadastro Rápido;;9;UN;Produto cadastrado via PDV;1;2025-12-24 19:59:25;2025-12-24 19:59:25;0458;0;Só na maior
961;pao de forma s casca;7898902394333;9,5;9;Açougue;;2;UN;;1;2025-12-17 21:01:15;2025-12-17 21:01:15;0097;0;Só na maior
942;pao de leite realpan;7898902394036;6;5;Cadastro Rápido;;2;KG;Produto cadastrado via PDV;1;2025-12-17 19:02:17;2025-12-17 19:02:17;0078;0;Só na maior
1264;pao gergelin;7898902394371;8;7;Cadastro Rápido;;0;UN;Produto cadastrado via PDV;1;2025-12-22 22:09:32;2025-12-22 22:09:32;0400;0;Só na maior
1197;pao gipan;7898922263381;8;7;Cadastro Rápido;;0;UN;Produto cadastrado via PDV;1;2025-12-21 14:14:58;2025-12-21 14:14:58;0333;0;Só na maior
1107;pao integra realpan;7898902394227;8;7;Cadastro Rápido;;0;UN;Produto cadastrado via PDV;1;2025-12-20 13:21:26;2025-12-20 13:21:26;0243;0;Só na maior
943;pao integral real pan;7898902394098;8;7;Cadastro Rápido;;2;UN;Produto cadastrado via PDV;1;2025-12-17 19:03:39;2025-12-17 19:03:39;0079;0;Só na maior
1022;pao real pan 500g;7898902394272;7;6;Cadastro Rápido;;0;UN;Produto cadastrado via PDV;1;2025-12-18 18:46:42;2025-12-18 18:46:42;0158;0;Só na maior
908;pao realpan;7898902394012;6;5;Cadastro Rápido;;2;KG;Produto cadastrado via PDV;1;2025-12-17 14:44:10;2025-12-17 14:44:10;0044;0;Só na maior
1045;pao renopan 400g;7898225610134;6;5;Cadastro Rápido;;0;UN;Produto cadastrado via PDV;1;2025-12-19 11:01:35;2025-12-19 11:01:35;0181;0;Só na maior
1342;pao renopan hot;7898225610158;6;5;Cadastro Rápido;;0;KG;Produto cadastrado via PDV;1;2025-12-25 13:50:55;2025-12-25 13:50:55;0478;0;Só na maior
1326;pao rot real pan;7898902394029;6;5,3;Cadastro Rápido;;9;UN;Produto cadastrado via PDV;1;2025-12-24 21:07:39;2025-12-24 21:07:39;0462;0;Só na maior
1109;papel familia 30m;7898969564212;6,5;6;Cadastro Rápido;;0;UN;Produto cadastrado via PDV;1;2025-12-20 13:38:03;2025-12-20 13:38:03;0245;0;Só na maior
1186;papel familiar soft;7896914011934;11,5;9;Açougue;;0;UN;;1;2025-12-21 12:41:43;2025-12-21 12:41:43;0322;0;Só na maior
1153;papel filme  ultra;7899567002199;5,6;5;Açougue;;0;UN;;1;2025-12-20 22:48:13;2025-12-20 22:48:13;0289;0;Só na maior
1152;papel filme wyda;7898927947200;5,6;4;Açougue;;0;UN;;1;2025-12-20 22:44:21;2025-12-20 22:44:21;0288;0;Só na maior
1348;papel floral neutro;7896006412656;3,8;2,8;Cadastro Rápido;;9;UN;Produto cadastrado via PDV;1;2025-12-25 21:27:46;2025-12-25 21:27:46;0484;0;Só na maior
1242;papel higieni pimpo prefumado;7898056270316;2,7;2;Cadastro Rápido;;0;UN;Produto cadastrado via PDV;1;2025-12-22 14:03:59;2025-12-22 14:03:59;0378;0;Só na maior
960;papel toalha skala;7896006413851;5,3;5;Cadastro Rápido;;0;UN;Produto cadastrado via PDV;1;2025-12-17 20:49:47;2025-12-17 20:49:47;0096;0;Só na maior
1268;paprica doce 100g;070341120439;4;3;Cadastro Rápido;;0;UN;Produto cadastrado via PDV;1;2025-12-22 22:16:03;2025-12-22 22:16:03;0404;0;Só na maior
1019;passas;123333323256;8;7;Açougue;;0;UN;;1;2025-12-18 18:38:18;2025-12-18 18:38:18;0155;0;Só na maior
1349;passatempo nstle;7891000051436;4,2;3,3;Cadastro Rápido;;9;UN;Produto cadastrado via PDV;1;2025-12-25 22:26:33;2025-12-25 22:26:33;0485;0;Só na maior
1236;pasteis rainha;7898246080473;6;5;Cadastro Rápido;;0;UN;Produto cadastrado via PDV;1;2025-12-22 12:05:15;2025-12-22 12:05:15;0372;0;Só na maior
842;pedigre;147896321;13;12;;;0;UN;;1;2025-12-15 12:31:22;2025-12-15 12:31:22;;0;Só na maior
1194;pedigre kg;9989998889998;13;11;Açougue;;0;KG;;1;2025-12-21 13:19:23;2025-12-21 13:19:23;0330;1;Só na maior
922;penino;14521455412;1,5;1;Cadastro Rápido;;2;KG;Produto cadastrado via PDV;1;2025-12-17 15:51:05;2025-12-17 15:51:05;0058;0;Só na maior
1169;pepino;2588888888888;1,5;1;Cadastro Rápido;;0;KG;Produto cadastrado via PDV;1;2025-12-21 11:07:06;2025-12-21 11:07:06;0305;0;Só na maior
944;peta da serra;7898914001526;2,3;2;Cadastro Rápido;;2;UN;Produto cadastrado via PDV;1;2025-12-17 19:04:43;2025-12-17 19:04:43;0080;0;Só na maior
1228;pilha alcalina;7896009765148;18;16;Cadastro Rápido;;0;UN;Produto cadastrado via PDV;1;2025-12-22 11:36:46;2025-12-22 11:36:46;0364;0;Só na maior
1178;pilha media;7896009765162;5;4;Cadastro Rápido;;0;UN;Produto cadastrado via PDV;1;2025-12-21 12:18:22;2025-12-21 12:18:22;0314;0;Só na maior
1094;pilha p fd;7896009765421;5;4;Cadastro Rápido;;0;FD;Produto cadastrado via PDV;1;2025-12-19 22:24:51;2025-12-19 22:24:51;0230;0;Só na maior
1168;pimenta de cheiro;254177777777777;1;0,5;Cadastro Rápido;;0;KG;Produto cadastrado via PDV;1;2025-12-21 11:05:44;2025-12-21 11:05:44;0304;0;Só na maior
891;pimentao;85225885225;1,5;1;Açougue;;5;UN;;1;2025-12-17 13:56:39;2025-12-17 13:56:39;0027;0;Só na maior
1056;pimentao uni;55555555555555;1,5;1;Cadastro Rápido;;0;UN;Produto cadastrado via PDV;1;2025-12-19 12:47:19;2025-12-19 12:47:19;0192;0;Só na maior
1083;pirulito;12345678910;1;0,5;Açougue;;0;UN;;1;2025-12-19 20:26:49;2025-12-19 20:26:49;0219;0;Só na maior
1311;pirulito pct;7896707341583;15;12;Cadastro Rápido;;0;PCT;Produto cadastrado via PDV;1;2025-12-23 22:21:20;2025-12-23 22:21:20;0447;0;Só na maior
914;polidor de alumio;7898110850010;2,2;2;Cadastro Rápido;;2;KG;Produto cadastrado via PDV;1;2025-12-17 15:20:05;2025-12-17 15:20:05;0050;0;Só na maior
1064;polpa ninho;7891000261026;10;9;Cadastro Rápido;;0;UN;Produto cadastrado via PDV;1;2025-12-19 14:16:27;2025-12-19 14:16:27;0200;0;Só na maior
1282;porta escova;23325668988;2,5;2;Cadastro Rápido;;0;UN;Produto cadastrado via PDV;1;2025-12-23 12:06:06;2025-12-23 12:06:06;0418;0;Só na maior
1305;power capuccino;7896045110667;8,7;8;Cadastro Rápido;;0;UN;Produto cadastrado via PDV;1;2025-12-23 21:18:33;2025-12-23 21:18:33;0441;0;Só na maior
1287;prato descar uni;7899856985555;0,35;0,2;Cadastro Rápido;;0;UN;Produto cadastrado via PDV;1;2025-12-23 13:00:58;2025-12-23 13:00:58;0423;0;Só na maior
867;presunto;9857769529331;25;20;Açougue;;5;KG;;1;2025-12-17 10:03:00;2025-12-17 10:03:00;0003;1;Só na maior
1346;pringles 109g;7896004006406;11;10;Cadastro Rápido;;0;KG;Produto cadastrado via PDV;1;2025-12-25 14:02:18;2025-12-25 14:02:18;0482;0;Só na maior
1238;puro sabor 3kg;7891152802726;30;28;Cadastro Rápido;;0;UN;Produto cadastrado via PDV;1;2025-12-22 12:49:00;2025-12-22 12:49:00;0374;0;Só na maior
938;queijo coalho fateado;147888888;33;31;Açougue;;2;KG;;1;2025-12-17 18:28:56;2025-12-17 18:28:56;0074;1;Só na maior
928;queijo coalho peça;99999999999;31;30;Açougue;;2;KG;Produto cadastrado via PDV;1;2025-12-17 16:08:54;2025-12-17 16:08:54;0064;1;Só na maior
865;Queijo Mussarela;8133772095911;42;25;Congelados;;5;KG;Produto cadastrado via PDV;1;2025-12-17 00:00:26;2025-12-17 00:00:26;0001;1;Só na maior
939;queijo peça;4444444444;31;30;Açougue;;2;KG;;1;2025-12-17 18:33:06;2025-12-17 18:33:06;0075;1;Só na maior
1330;raçao pinto kg;65849765;3,5;2;Cadastro Rápido;;9;KG;Produto cadastrado via PDV;1;2025-12-24 22:00:31;2025-12-24 22:00:31;0466;1;Só na maior
936;rainha pastel;7898246080046;7,7;7;Cadastro Rápido;;2;UN;Produto cadastrado via PDV;1;2025-12-17 18:03:36;2025-12-17 18:03:36;0072;0;Só na maior
1026;rapadura p;15258996877;3;2;Açougue;;0;UN;;1;2025-12-18 20:17:16;2025-12-18 20:17:16;0162;0;Só na maior
1139;real pan zero lactose;7898902394319;6;5;Cadastro Rápido;;0;UN;Produto cadastrado via PDV;1;2025-12-20 20:38:30;2025-12-20 20:38:30;0275;0;Só na maior
951;recheio forneavel goiaba;7896395110683;18;17;Açougue;;2;UN;;1;2025-12-17 19:41:08;2025-12-17 19:41:08;0087;0;Só na maior
1223;red bull 250g;611269991000;10;9;Açougue;;0;UN;;1;2025-12-22 11:01:53;2025-12-22 11:01:53;0359;0;Só na maior
1222;red wave 250g zero;7898213971209;4;3,5;Açougue;;0;UN;;1;2025-12-22 10:58:59;2025-12-22 10:58:59;0358;0;Só na maior
1190;refi 250g;7896445472549;2;1,5;Cadastro Rápido;;0;UN;Produto cadastrado via PDV;1;2025-12-21 12:51:31;2025-12-21 12:51:31;0326;0;Só na maior
921;refri 250ml lar;7896445472419;2;1,8;Cadastro Rápido;;0;KG;Produto cadastrado via PDV;1;2025-12-17 15:38:55;2025-12-17 15:38:55;0057;0;Só na maior
1036;refri cola;7896445472617;5;4;Cadastro Rápido;;0;UN;Produto cadastrado via PDV;1;2025-12-18 22:19:12;2025-12-18 22:19:12;0172;0;Só na maior
1095;refri fd;12588885858585;25;23;Cadastro Rápido;;0;FD;Produto cadastrado via PDV;1;2025-12-19 22:29:34;2025-12-19 22:29:34;0231;0;Só na maior
1210;refri guarana250g;7896445472556;2;1,5;Cadastro Rápido;;0;KG;Produto cadastrado via PDV;1;2025-12-22 00:31:57;2025-12-22 00:31:57;0346;0;Só na maior
1113;refri indaia guarana;7896445472600;5;4;Cadastro Rápido;;0;UN;Produto cadastrado via PDV;1;2025-12-20 14:10:54;2025-12-20 14:10:54;0249;0;Só na maior
1188;refri laranja 2l;7896445472426;5;4;Açougue;;0;UN;;1;2025-12-21 12:49:04;2025-12-21 12:49:04;0324;0;Só na maior
1053;reparador aline queratina;7897161351033;7;6;Cadastro Rápido;;0;UN;Produto cadastrado via PDV;1;2025-12-19 12:26:30;2025-12-19 12:26:30;0189;0;Só na maior
923;repolho;258888852;8;7;Cadastro Rápido;;2;KG;Produto cadastrado via PDV;1;2025-12-17 15:52:54;2025-12-17 15:52:54;0059;0;Só na maior
929;requeijão  light sabor e vida;7897469400280;9;8;Cadastro Rápido;;2;UN;Produto cadastrado via PDV;1;2025-12-17 16:15:21;2025-12-17 16:15:21;0065;0;Só na maior
956;requeijao betania 200g;7898403780116;8;7;Açougue;;2;UN;;1;2025-12-17 20:26:32;2025-12-17 20:26:32;0092;0;Só na maior
930;requeijão betânia light;7898403780291;9;8;Cadastro Rápido;;2;UN;Produto cadastrado via PDV;1;2025-12-17 16:17:34;2025-12-17 16:17:34;0066;0;Só na maior
932;requeijão isis zero lactose light;7898034923050;8;7;Cadastro Rápido;;2;UN;Produto cadastrado via PDV;1;2025-12-17 16:24:26;2025-12-17 16:24:26;0068;0;Só na maior
954;requeijao vale milk 400g;7898200380649;15,5;15;Cadastro Rápido;;2;UN;Produto cadastrado via PDV;1;2025-12-17 19:47:11;2025-12-17 19:47:11;0090;0;Só na maior
931;requeijão zero lactose light betânia;7898403782042;9;8;Cadastro Rápido;;2;UN;Produto cadastrado via PDV;1;2025-12-17 16:21:42;2025-12-17 16:21:42;0067;0;Só na maior
1112;requeijaojangada;7897469400334;13;12;Cadastro Rápido;;0;UN;Produto cadastrado via PDV;1;2025-12-20 14:02:07;2025-12-20 14:02:07;0248;0;Só na maior
1134;rexona bamboo;7791293032498;13,8;13;Cadastro Rápido;;0;UN;Produto cadastrado via PDV;1;2025-12-20 19:28:28;2025-12-20 19:28:28;0270;0;Só na maior
1126;rexona power dry;7791293032436;13,8;13;Cadastro Rápido;;0;UN;Produto cadastrado via PDV;1;2025-12-20 15:13:25;2025-12-20 15:13:25;0262;0;Só na maior
1235;rexona rolon power dry;78924239;6;5;Cadastro Rápido;;0;UN;Produto cadastrado via PDV;1;2025-12-22 12:04:22;2025-12-22 12:04:22;0371;0;Só na maior
1175;rexona v8;7791293022567;13,8;12;Cadastro Rápido;;0;UN;Produto cadastrado via PDV;1;2025-12-21 11:31:17;2025-12-21 11:31:17;0311;0;Só na maior
1284;rexona v830ml;78930841;6;5;Cadastro Rápido;;0;UN;Produto cadastrado via PDV;1;2025-12-23 12:24:03;2025-12-23 12:24:03;0420;0;Só na maior
976;rosquinha fot  leite;7891152801705;5,5;5;Cadastro Rápido;;2;UN;Produto cadastrado via PDV;1;2025-12-17 21:48:37;2025-12-17 21:48:37;0112;0;Só na maior
933;"rupper&#x27;s bata frita risa sabor costela na bras";7898952172875;4;3;Cadastro Rápido;;2;UN;Produto cadastrado via PDV;1;2025-12-17 16:42:00;2025-12-17 16:42:00;0069;0;Só na maior
935;"rupper&#x27;s batata frita lisa costelinha com limão";7898952172219;4;3;Cadastro Rápido;;3;UN;Produto cadastrado via PDV;1;2025-12-17 16:58:51;2025-12-17 16:58:51;0071;0;Só na maior
978;sab albany  amendoa;7897664171701;2;1,8;Cadastro Rápido;;2;UN;Produto cadastrado via PDV;1;2025-12-17 21:57:38;2025-12-17 21:57:38;0114;0;Só na maior
1058;sab anti pulgas;7898195906091;2,5;2;Cadastro Rápido;;0;UN;Produto cadastrado via PDV;1;2025-12-19 13:09:26;2025-12-19 13:09:26;0194;0;Só na maior
1038;sab barra uni;258888885555;2,8;2;Cadastro Rápido;;0;UN;Produto cadastrado via PDV;1;2025-12-18 22:21:15;2025-12-18 22:21:15;0174;0;Só na maior
964;sab even;7896013107866;2,3;2;Cadastro Rápido;;2;UN;Produto cadastrado via PDV;1;2025-12-17 21:18:13;2025-12-17 21:18:13;0100;0;Só na maior
1180;sab even algas;7896013107897;2,3;2;Cadastro Rápido;;0;UN;Produto cadastrado via PDV;1;2025-12-21 12:25:31;2025-12-21 12:25:31;0316;0;Só na maior
1261;sab even erva doce;7896013107873;2,3;2;Cadastro Rápido;;0;UN;Produto cadastrado via PDV;1;2025-12-22 21:30:51;2025-12-22 21:30:51;0397;0;Só na maior
1181;sab liq monange oliva;7896235353997;10;9;Cadastro Rápido;;0;UN;Produto cadastrado via PDV;1;2025-12-21 12:28:32;2025-12-21 12:28:32;0317;0;Só na maior
1265;sab palmolive aloe vera;7891024034767;3;2;Cadastro Rápido;;0;UN;Produto cadastrado via PDV;1;2025-12-22 22:12:46;2025-12-22 22:12:46;0401;0;Só na maior
1337;sab protex;7891024035047;3,7;3;Cadastro Rápido;;9;UN;Produto cadastrado via PDV;1;2025-12-25 12:14:46;2025-12-25 12:14:46;0473;0;Só na maior
979;sab protex aveia;7891024034910;3,7;3;Cadastro Rápido;;2;UN;Produto cadastrado via PDV;1;2025-12-17 21:58:35;2025-12-17 21:58:35;0115;0;Só na maior
1001;sabão em barra juá;7898123121459;10,5;9,5;Cadastro Rápido;;2;UN;Produto cadastrado via PDV;1;2025-12-18 16:13:04;2025-12-18 16:13:04;0137;0;Só na maior
1008;sabão em pó juá 1kg;7898123121039;8,5;7,5;Cadastro Rápido;;2;UN;Produto cadastrado via PDV;1;2025-12-18 16:31:28;2025-12-18 16:31:28;0144;0;Só na maior
1007;SABÃO EM PÓ JUÁ 400g;7898123121442;3,8;2,8;Cadastro Rápido;;2;UN;Produto cadastrado via PDV;1;2025-12-18 16:28:44;2025-12-18 16:28:44;0143;0;Só na maior
1328;sabao jua barra;654879239;2,4;1,8;Cadastro Rápido;;9;UN;Produto cadastrado via PDV;1;2025-12-24 21:55:10;2025-12-24 21:55:10;0464;0;Só na maior
1108;sabao liq 5l;23323232333333;13;12;Açougue;;0;UN;;1;2025-12-20 13:30:23;2025-12-20 13:30:23;0244;0;Só na maior
1029;sabone liuido;7898972781286;10;9;Cadastro Rápido;;0;UN;Produto cadastrado via PDV;1;2025-12-18 21:41:11;2025-12-18 21:41:11;0165;0;Só na maior
1145;sabonete protex nutri;7891024035139;3,7;3;Cadastro Rápido;;0;KG;Produto cadastrado via PDV;1;2025-12-20 21:00:48;2025-12-20 21:00:48;0281;0;Só na maior
887;saçlsicha;741147741;10;9;Açougue;;5;KG;;1;2025-12-17 13:22:26;2025-12-17 13:22:26;0023;0;Só na maior
282;saco lixo 100 litros;1265448523613;4;4;;;0;UN;;1;2025-12-06 22:27:20;2025-12-06 22:27:20;;0;Só na maior
280;saco lixo 50 litros;1234561290122;4;4;;;0;UN;;1;2025-12-06 22:24:51;2025-12-06 22:24:51;;0;Só na maior
281;saco lixo 60 litros;1265448523668;4;4;;;0;UN;;1;2025-12-06 22:25:41;2025-12-06 22:25:41;;0;Só na maior
903;salsicha;3212525468;10;5;Açougue;;2;KG;;1;2025-12-17 14:32:57;2025-12-17 14:32:57;0039;1;Só na maior
1000;salsicha defumada;8555558555555;11;10;Açougue;;0;KG;;1;2025-12-18 13:05:29;2025-12-18 13:05:29;0136;1;Só na maior
1164;sao geraldo 2l;7897240900107;10;8;Cadastro Rápido;;0;UN;Produto cadastrado via PDV;1;2025-12-21 10:56:24;2025-12-21 10:56:24;0300;0;Só na maior
1216;sao geraldo lata 350g;7897240900077;4;3;Açougue;;0;UN;;1;2025-12-22 10:48:36;2025-12-22 10:48:36;0352;0;Só na maior
955;sard gomes c oleo;7891167021013;6;5;Açougue;;2;UN;;1;2025-12-17 20:02:39;2025-12-17 20:02:39;0091;0;Só na maior
957;sard ralada 88;7891167099685;4,7;4;Açougue;;0;UN;;1;2025-12-17 20:35:13;2025-12-17 20:35:13;0093;0;Só na maior
1375;sardinha 88 ralada;7891167099678;4,7;4;Cadastro Rápido;;9;KG;Produto cadastrado via PDV;1;2025-12-27 21:04:20;2025-12-27 21:04:20;0511;0;Só na maior
1320;sazon de arroz;7891132000647;4,5;4;Cadastro Rápido;;9;UN;Produto cadastrado via PDV;1;2025-12-24 19:27:31;2025-12-24 19:27:31;0456;0;Só na maior
1171;sazon legumes;7891132019403;4,5;4;Cadastro Rápido;;0;UN;Produto cadastrado via PDV;1;2025-12-21 11:15:00;2025-12-21 11:15:00;0307;0;Só na maior
1308;seda boom;7891150095915;15;14;Cadastro Rápido;;0;UN;Produto cadastrado via PDV;1;2025-12-23 21:39:41;2025-12-23 21:39:41;0444;0;Só na maior
878;skala ceramidas;7897042004904;12;11;Cadastro Rápido;;0;KG;Produto cadastrado via PDV;1;2025-12-17 12:33:06;2025-12-17 12:33:06;0014;0;Só na maior
1115;skala maracuja;7897042013227;12;11;Cadastro Rápido;;0;UN;Produto cadastrado via PDV;1;2025-12-20 14:40:35;2025-12-20 14:40:35;0251;0;Só na maior
1290;skol uni;4566654485552;4;1,2E+11;Cadastro Rápido;;0;UN;Produto cadastrado via PDV;1;2025-12-23 13:07:02;2025-12-23 13:07:02;0426;0;Só na maior
1041;so cacau 33%;040141906144;35;30;Açougue;;0;UN;;1;2025-12-18 23:04:04;2025-12-18 23:04:04;0177;0;Só na maior
919;soda limonada;7891991014984;2;1,5;Cadastro Rápido;;2;KG;Produto cadastrado via PDV;1;2025-12-17 15:34:53;2025-12-17 15:34:53;0055;0;Só na maior
1256;sopao carne  maggi;7891000582107;9,8;8;Cadastro Rápido;;0;UN;Produto cadastrado via PDV;1;2025-12-22 21:15:14;2025-12-22 21:15:14;0392;0;Só na maior
1114;sopao kitano;7891095003884;8,5;8;Cadastro Rápido;;0;UN;Produto cadastrado via PDV;1;2025-12-20 14:38:20;2025-12-20 14:38:20;0250;0;Só na maior
916;sprit  250ml;78939738;2,5;2;Cadastro Rápido;;2;KG;Produto cadastrado via PDV;1;2025-12-17 15:28:33;2025-12-17 15:28:33;0052;0;Só na maior
1347;stella fard com 6;7891991304887;38;33;Cadastro Rápido;;9;FD;Produto cadastrado via PDV;1;2025-12-25 19:11:16;2025-12-25 19:11:16;0483;0;Só na maior
1278;stella uni;7891991304870;8;7;Açougue;;0;UN;;1;2025-12-23 10:52:17;2025-12-23 10:52:17;0414;0;Só na maior
1044;suco caju pal;7898366932683;3,5;3;Cadastro Rápido;;0;KG;Produto cadastrado via PDV;1;2025-12-19 10:37:45;2025-12-19 10:37:45;0180;0;Só na maior
1280;suco frisco morango;7896045112142;1,3;14;Cadastro Rápido;;0;UN;Produto cadastrado via PDV;1;2025-12-23 11:40:57;2025-12-23 11:40:57;0416;0;Só na maior
1191;suco rico;7898213970622;2,4;2;Cadastro Rápido;;0;UN;Produto cadastrado via PDV;1;2025-12-21 12:53:19;2025-12-21 12:53:19;0327;0;Só na maior
1192;sukita 2l;7891149102808;8;7;Cadastro Rápido;;0;UN;Produto cadastrado via PDV;1;2025-12-21 12:56:46;2025-12-21 12:56:46;0328;0;Só na maior
1023;tampico 1,5l;095188870507;8;7;Cadastro Rápido;;0;UN;Produto cadastrado via PDV;1;2025-12-18 18:47:40;2025-12-18 18:47:40;0159;0;Só na maior
1150;tampíco 330ml;095188873300;2,5;2;Cadastro Rápido;;0;UN;Produto cadastrado via PDV;1;2025-12-20 21:22:14;2025-12-20 21:22:14;0286;0;Só na maior
1339;tampico caixa 200ml;095188877100;2;1;Cadastro Rápido;;0;KG;Produto cadastrado via PDV;1;2025-12-25 13:35:40;2025-12-25 13:35:40;0475;0;Só na maior
925;tangerina kg;987412587;10;9;Cadastro Rápido;;2;KG;Produto cadastrado via PDV;1;2025-12-17 15:56:34;2025-12-17 15:56:34;0061;0;Só na maior
966;tempero completo;7898947188645;3,9;3;Cadastro Rápido;;2;UN;Produto cadastrado via PDV;1;2025-12-17 21:22:09;2025-12-17 21:22:09;0102;0;Só na maior
1226;tempero p frango;7898947188676;2,9;3,9;Cadastro Rápido;;0;KG;Produto cadastrado via PDV;1;2025-12-22 11:19:55;2025-12-22 11:19:55;0362;0;Só na maior
882;tixan  caixa 400g;7896098909737;8;7;Cadastro Rápido;;2;KG;Produto cadastrado via PDV;1;2025-12-17 13:01:18;2025-12-17 13:01:18;0018;0;Só na maior
1237;tixan maciez;7896098909799;6,4;6;Cadastro Rápido;;0;UN;Produto cadastrado via PDV;1;2025-12-22 12:44:42;2025-12-22 12:44:42;0373;0;Só na maior
1239;toicim;4144444411111111;10;8;Açougue;;0;KG;;1;2025-12-22 13:10:41;2025-12-22 13:10:41;0375;1;Só na maior
892;tomate kg;32112332123;8;6;Açougue;;2;KG;;1;2025-12-17 13:58:02;2025-12-17 13:58:02;0028;1;Só na maior
1032;trident;7895800304228;2;1,5;Cadastro Rápido;;0;UN;Produto cadastrado via PDV;1;2025-12-18 21:55:12;2025-12-18 21:55:12;0168;0;Só na maior
1144;trixan primavera;7896098909782;6,4;0;Cadastro Rápido;;0;UN;Produto cadastrado via PDV;1;2025-12-20 20:59:47;2025-12-20 20:59:47;0280;0;Só na maior
1078;tubinho color 15g;7891151043854;1;0,5;Açougue;;0;UN;;1;2025-12-19 20:08:17;2025-12-19 20:08:17;0214;0;Só na maior
1227;tucs original;7896061300677;2,7;2;Cadastro Rápido;;0;UN;Produto cadastrado via PDV;1;2025-12-22 11:20:59;2025-12-22 11:20:59;0363;0;Só na maior
1307;ufo;7891079013847;7,5;6;Cadastro Rápido;;0;UN;Produto cadastrado via PDV;1;2025-12-23 21:39:02;2025-12-23 21:39:02;0443;0;Só na maior
1111;urca em pasta;7896056402027;32;0;Cadastro Rápido;;0;UN;Produto cadastrado via PDV;1;2025-12-20 13:58:19;2025-12-20 13:58:19;0247;0;Só na maior
1102;urca lavanda lava roupas;7896060401740;7,5;7;Cadastro Rápido;;0;UN;Produto cadastrado via PDV;1;2025-12-20 11:25:42;2025-12-20 11:25:42;0238;0;Só na maior
899;uva vitaoria;742832317863;8;6;Açougue;;2;UN;;1;2025-12-17 14:21:19;2025-12-17 14:21:19;0035;0;Só na maior
1132;vareta muriçoca;6253654852554;8;7;Cadastro Rápido;;0;UN;Produto cadastrado via PDV;1;2025-12-20 19:16:35;2025-12-20 19:16:35;0268;0;Só na maior
1285;vassoura francis;7898938700627;12;10;Cadastro Rápido;;0;UN;Produto cadastrado via PDV;1;2025-12-23 12:30:10;2025-12-23 12:30:10;0421;0;Só na maior
1101;vassoura palha;56666565656666;2,5;0;Cadastro Rápido;;0;UN;Produto cadastrado via PDV;1;2025-12-20 11:12:31;2025-12-20 11:12:31;0237;0;Só na maior
866;Verdura;1940279367499;7;5;Hortifruti;;5;KG;;1;2025-12-17 09:57:27;2025-12-17 09:57:27;0002;1;Só na maior
1211;vick;7501001246730;15;13;Açougue;;0;UN;;1;2025-12-22 00:35:29;2025-12-22 00:35:29;0347;0;Só na maior
1221;whey sabor  e vida;7897469400426;5,5;4,5;Açougue;;0;UN;;1;2025-12-22 10:57:46;2025-12-22 10:57:46;0357;0;Só na maior
843;whiskas;3698741258;18;17;;;0;UN;;1;2025-12-15 12:33:48;2025-12-15 12:33:48;;0;Só na maior
1329;xerem kg;96548752;2,5;1,8;Cadastro Rápido;;9;KG;Produto cadastrado via PDV;1;2025-12-24 21:57:51;2025-12-24 21:57:51;0465;1;Só na maior
1253;xilito asa branca 200g;606529889371;2,5;2;Cadastro Rápido;;0;UN;Produto cadastrado via PDV;1;2025-12-22 21:04:45;2025-12-22 21:04:45;0389;0;Só na maior
1288;xilito fd;1452145555541;8,5;8;Cadastro Rápido;;0;UN;Produto cadastrado via PDV;1;2025-12-23 13:04:34;2025-12-23 13:04:34;0424;0;Só na maior
983;yokito requeijao;7891095023226;2,5;2;Cadastro Rápido;;2;UN;Produto cadastrado via PDV;1;2025-12-17 22:08:11;2025-12-17 22:08:11;0119;0;Só na maior
1193;ype 2l inteso;7896098903001;12;10;Cadastro Rápido;;0;UN;Produto cadastrado via PDV;1;2025-12-21 13:07:17;2025-12-21 13:07:17;0329;0;Só na maior
879;ype barra lavanda;7896098905975;12;11;Cadastro Rápido;;5;KG;Produto cadastrado via PDV;1;2025-12-17 12:52:52;2025-12-17 12:52:52;0015;0;Só na maior
1162;ypioca envelhecida;12599996369856;30;25;Açougue;;0;UN;;1;2025-12-20 23:19:58;2025-12-20 23:19:58;0298;0;Só na maior
